path,dir,name,size,dword0,container_class,is_pol_dup,dup_identical,table_entry_count,model_count,tex_ref_count,tex_max_id,tex_referenced_bytes,tex_file_bytes,tex_delta_bytes,note
pol/b6boss1z.bin,pol,b6boss1z.bin,30021,0x000092A0,compressed,,,,,,,,,,
pol/b6boss1z_wing.bin,pol,b6boss1z_wing.bin,2442,0x00000E60,compressed,,,,,,,,,,
pol/b6boss2.bin,pol,b6boss2.bin,32008,0x0000A540,compressed,,,,,,,,,,
pol/b6boss3.bin,pol,b6boss3.bin,31151,0x0000B440,compressed,,,,,,,,,,
pol/b6boss4.bin,pol,b6boss4.bin,32064,0x0000B000,compressed,,,,,,,,,,
pol/b6boss5.bin,pol,b6boss5.bin,53481,0x0000FFC0,compressed,,,,,,,,,,
pol/bg_adv00.bin,pol,bg_adv00.bin,63515,0x00023C20,compressed,,,,,,,,,,
pol/bg_adv01.bin,pol,bg_adv01.bin,67589,0x00027500,compressed,,,,,,,,,,
pol/bg_adv02.bin,pol,bg_adv02.bin,36814,0x000169E0,compressed,,,,,,,,,,
pol/bg_adv03.bin,pol,bg_adv03.bin,81832,0x0003A800,compressed,,,,,,,,,,
pol/bg_adv04.bin,pol,bg_adv04.bin,3896,0x000026E0,compressed,,,,,,,,,,
pol/bg_adv05.bin,pol,bg_adv05.bin,15385,0x00009200,compressed,,,,,,,,,,
pol/bg_adv06.bin,pol,bg_adv06.bin,6528,0x00004400,compressed,,,,,,,,,,
pol/bg_adv07.bin,pol,bg_adv07.bin,35681,0x00015440,compressed,,,,,,,,,,
pol/bg_adv08.bin,pol,bg_adv08.bin,66258,0x00026380,compressed,,,,,,,,,,
pol/bg_adv09.bin,pol,bg_adv09.bin,59782,0x00022220,compressed,,,,,,,,,,
pol/bg_adv10.bin,pol,bg_adv10.bin,232,0x000003C0,compressed,,,,,,,,,,
pol/bg_adv11.bin,pol,bg_adv11.bin,102269,0x0002E480,compressed,,,,,,,,,,
pol/bg_adv12.bin,pol,bg_adv12.bin,18781,0x00009EA0,compressed,,,,,,,,,,
pol/bg_adv13.bin,pol,bg_adv13.bin,24060,0x0000FE60,compressed,,,,,,,,,,
pol/bg_adv14.bin,pol,bg_adv14.bin,15149,0x0000AAC0,compressed,,,,,,,,,,
pol/bg_adv15.bin,pol,bg_adv15.bin,20341,0x0000B200,compressed,,,,,,,,,,
pol/bg_adv16.bin,pol,bg_adv16.bin,13994,0x0000C680,compressed,,,,,,,,,,
pol/bg_adv17.bin,pol,bg_adv17.bin,48266,0x0001D560,compressed,,,,,,,,,,
pol/bg_adv18.bin,pol,bg_adv18.bin,76351,0x0002C6A0,compressed,,,,,,,,,,
pol/bg_adv19.bin,pol,bg_adv19.bin,987,0x00000000,raw_blob,,,,,,,,,,
pol/bg_result01.bin,pol,bg_result01.bin,74750,0x0002ABE0,compressed,,,,,,,,,,
pol/bg_result02.bin,pol,bg_result02.bin,66621,0x0002B780,compressed,,,,,,,,,,
pol/bg_result03.bin,pol,bg_result03.bin,9688,0x00005CE0,compressed,,,,,,,,,,
pol/bg_result04.bin,pol,bg_result04.bin,52817,0x000152A0,compressed,,,,,,,,,,
pol/boss1q.bin,pol,boss1q.bin,82291,0x0003B2C0,compressed,,,,,,,,,,
pol/boss1z.bin,pol,boss1z.bin,130796,0x0002CE00,compressed,,,,,,,,,,
pol/boss1z_wing.bin,pol,boss1z_wing.bin,2236,0x00000E60,compressed,,,,,,,,,,
pol/boss2.bin,pol,boss2.bin,127170,0x0003ED80,compressed,,,,,,,,,,
pol/boss2_hane_hod1.bin,pol,boss2_hane_hod1.bin,148295,0x000410C0,compressed,,,,,,,,,,
pol/boss2_hod1.bin,pol,boss2_hod1.bin,44286,0x00015CE0,compressed,,,,,,,,,,
pol/boss3.bin,pol,boss3.bin,20001,0x00007320,compressed,,,,,,,,,,
pol/boss3_hod1.bin,pol,boss3_hod1.bin,433037,0x000D4F60,compressed,,,,,,,,,,
pol/boss3l.bin,pol,boss3l.bin,31908,0x0000C540,compressed,,,,,,,,,,
pol/boss4.bin,pol,boss4.bin,152586,0x00034F00,compressed,,,,,,,,,,
pol/boss4_hod1.bin,pol,boss4_hod1.bin,49792,0x00013CE0,compressed,,,,,,,,,,
pol/boss4_hrs_hod1.bin,pol,boss4_hrs_hod1.bin,173882,0x0005ABA0,compressed,,,,,,,,,,
pol/boss4_kls_hod1.bin,pol,boss4_kls_hod1.bin,326586,0x0009D860,compressed,,,,,,,,,,
pol/boss4_mls_hod1.bin,pol,boss4_mls_hod1.bin,226121,0x00070FE0,compressed,,,,,,,,,,
pol/boss5.bin,pol,boss5.bin,687817,0x00136C20,compressed,,,,,,,,,,
pol/boss5b.bin,pol,boss5b.bin,567605,0x001091A0,compressed,,,,,,,,,,
pol/boss6.bin,pol,boss6.bin,204653,0x000793E0,compressed,,,,,,,,,,
pol/bridge.bin,pol,bridge.bin,49643,0x0001C700,compressed,,,,,,,,,,
pol/bridge_st5.bin,pol,bridge_st5.bin,15653,0x00008220,compressed,,,,,,,,,,
pol/buyo.bin,pol,buyo.bin,153744,0x0004ED40,compressed,,,,,,,,,,
pol/car_1.bin,pol,car_1.bin,86925,0x000281A0,compressed,,,,,,,,,,
pol/car_2.bin,pol,car_2.bin,27638,0x0000D400,compressed,,,,,,,,,,
pol/car_org.bin,pol,car_org.bin,40023,0x000100A0,compressed,,,,,,,,,,
pol/car_pl.bin,pol,car_pl.bin,59055,0x0001D5A0,compressed,,,,,,,,,,
pol/cat.bin,pol,cat.bin,19847,0x00006C00,compressed,,,,,,,,,,
pol/char_adv00.bin,pol,char_adv00.bin,56966,0x00025CA0,compressed,,,,,,,,,,
pol/char_adv01.bin,pol,char_adv01.bin,53654,0x00013480,compressed,,,,,,,,,,
pol/char_adv02.bin,pol,char_adv02.bin,133348,0x0004FA40,compressed,,,,,,,,,,
pol/char_adv03.bin,pol,char_adv03.bin,232,0x000003C0,compressed,,,,,,,,,,
pol/char_adv04.bin,pol,char_adv04.bin,266587,0x00069460,compressed,,,,,,,,,,
pol/char_adv05.bin,pol,char_adv05.bin,317425,0x00069620,compressed,,,,,,,,,,
pol/char_adv06.bin,pol,char_adv06.bin,135151,0x0003A600,compressed,,,,,,,,,,
pol/char_adv07.bin,pol,char_adv07.bin,205550,0x00086700,compressed,,,,,,,,,,
pol/colo_monitor.bin,pol,colo_monitor.bin,507,0x00000F80,compressed,,,,,,,,,,
pol/common.bin,pol,common.bin,575389,0x00143FC0,compressed,,,,,,,,,,
pol/curien.bin,pol,curien.bin,34229,0x0000EAA0,compressed,,,,,,,,,,
pol/dc_ctrl.bin,pol,dc_ctrl.bin,159414,0x0004BC00,compressed,,,,,,,,,,
pol/deka_musume.bin,pol,deka_musume.bin,27426,0x00009340,compressed,,,,,,,,,,
pol/deka_otoko.bin,pol,deka_otoko.bin,36442,0x0000DDC0,compressed,,,,,,,,,,
pol/dolam.bin,pol,dolam.bin,46421,0x00013A60,compressed,,,,,,,,,,
pol/door_1.bin,pol,door_1.bin,365518,0x000AEC80,compressed,,,,,,,,,,
pol/eff_1.bin,pol,eff_1.bin,38028,0x00024F80,compressed,,,,,,,,,,
pol/eff_2.bin,pol,eff_2.bin,61318,0x00028960,compressed,,,,,,,,,,
pol/eff_3.bin,pol,eff_3.bin,232,0x000003C0,compressed,,,,,,,,,,
pol/eff_4.bin,pol,eff_4.bin,3607,0x00002BA0,compressed,,,,,,,,,,
pol/eff_boss3.bin,pol,eff_boss3.bin,198996,0x0007EFE0,compressed,,,,,,,,,,
pol/eff_boss4.bin,pol,eff_boss4.bin,232,0x000003C0,compressed,,,,,,,,,,
pol/eff_boss5.bin,pol,eff_boss5.bin,311177,0x000AF700,compressed,,,,,,,,,,
pol/eff_boss6.bin,pol,eff_boss6.bin,145595,0x00082940,compressed,,,,,,,,,,
pol/eff_car.bin,pol,eff_car.bin,6220,0x00003340,compressed,,,,,,,,,,
pol/eff_colo.bin,pol,eff_colo.bin,12173,0x00007B80,compressed,,,,,,,,,,
pol/eff_dokan.bin,pol,eff_dokan.bin,130622,0x00040C00,compressed,,,,,,,,,,
pol/eff_funsui.bin,pol,eff_funsui.bin,300218,0x000B9EA0,compressed,,,,,,,,,,
pol/eff_funsui2.bin,pol,eff_funsui2.bin,658,0x00001FA0,compressed,,,,,,,,,,
pol/eff_izumi.bin,pol,eff_izumi.bin,4204,0x0000D6A0,compressed,,,,,,,,,,
pol/eff_org.bin,pol,eff_org.bin,270,0x00000E20,compressed,,,,,,,,,,
pol/eff_org10.bin,pol,eff_org10.bin,8377,0x00005B40,compressed,,,,,,,,,,
pol/eff_org11.bin,pol,eff_org11.bin,391,0x000019E0,compressed,,,,,,,,,,
pol/eff_org12.bin,pol,eff_org12.bin,678,0x000019E0,compressed,,,,,,,,,,
pol/eff_org2.bin,pol,eff_org2.bin,13860,0x00006CE0,compressed,,,,,,,,,,
pol/eff_org3.bin,pol,eff_org3.bin,13999,0x0000A180,compressed,,,,,,,,,,
pol/eff_org4.bin,pol,eff_org4.bin,518,0x00002680,compressed,,,,,,,,,,
pol/eff_org5.bin,pol,eff_org5.bin,519,0x00002680,compressed,,,,,,,,,,
pol/eff_org5b.bin,pol,eff_org5b.bin,389,0x000019E0,compressed,,,,,,,,,,
pol/eff_org6.bin,pol,eff_org6.bin,18433,0x0000BD60,compressed,,,,,,,,,,
pol/eff_org7.bin,pol,eff_org7.bin,3963,0x00003C60,compressed,,,,,,,,,,
pol/eff_org8.bin,pol,eff_org8.bin,4981,0x00003E60,compressed,,,,,,,,,,
pol/eff_org9.bin,pol,eff_org9.bin,63138,0x00023C40,compressed,,,,,,,,,,
pol/eff_shop.bin,pol,eff_shop.bin,44151,0x0001D820,compressed,,,,,,,,,,
pol/eff_taki.bin,pol,eff_taki.bin,10772,0x0000D7C0,compressed,,,,,,,,,,
pol/etc_1.bin,pol,etc_1.bin,270336,0x00000800,raw_table,,,137,68,60,59,559872,641024,81152,
pol/etc_1_01.bin,pol,etc_1_01.bin,8192,0x00000800,raw_table,,,5,2,5,4,89088,92160,3072,
pol/etc_1_02.bin,pol,etc_1_02.bin,6144,0x00000800,raw_table,,,3,1,3,2,25600,40960,15360,
pol/etc_1_03.bin,pol,etc_1_03.bin,10240,0x00000800,raw_table,,,7,3,6,5,131072,131072,0,
pol/etc_1_04.bin,pol,etc_1_04.bin,14336,0x00000800,raw_table,,,5,2,6,5,20224,28672,8448,
pol/etc_1_05.bin,pol,etc_1_05.bin,69632,0x00000800,raw_table,,,3,1,13,12,185344,188416,3072,
pol/etc_1_06.bin,pol,etc_1_06.bin,4096,0x00000800,raw_table,,,3,1,,,,,,
pol/etc_1_07.bin,pol,etc_1_07.bin,4096,0x00000800,raw_table,,,3,1,,,,,,
pol/etc_1_08.bin,pol,etc_1_08.bin,4096,0x00000800,raw_table,,,3,1,,,,,,
pol/etc_1_09.bin,pol,etc_1_09.bin,4096,0x00000800,raw_table,,,3,1,,,,,,
pol/etc_2.bin,pol,etc_2.bin,118784,0x00000800,raw_table,,,39,19,28,27,615424,659456,44032,
pol/etc_boy_kao.bin,pol,etc_boy_kao.bin,14336,0x00000800,raw_table,,,7,3,4,3,26624,26624,0,
pol/etc_door.bin,pol,etc_door.bin,28672,0x00000800,raw_table,,,21,10,8,7,70656,98304,27648,
pol/etc_gal_kao.bin,pol,etc_gal_kao.bin,26624,0x00000800,raw_table,,,9,4,5,4,24576,30720,6144,
pol/etc_komono_baba.bin,pol,etc_komono_baba.bin,14336,0x00000800,raw_table,,,5,2,3,2,36864,36864,0,
pol/etc_komono_boy.bin,pol,etc_komono_boy.bin,12288,0x00000800,raw_table,,,7,3,5,4,39936,43008,3072,
pol/etc_komono_buru.bin,pol,etc_komono_buru.bin,6144,0x00000800,raw_table,,,5,2,3,2,20480,20480,0,
pol/etc_komono_fem.bin,pol,etc_komono_fem.bin,6144,0x00000800,raw_table,,,5,2,3,2,20480,20480,0,
pol/etc_komono_gal.bin,pol,etc_komono_gal.bin,55296,0x00000800,raw_table,,,25,12,12,11,77824,88064,10240,
pol/etc_komono_garl.bin,pol,etc_komono_garl.bin,18432,0x00000800,raw_table,,,5,2,6,5,36864,43008,6144,
pol/etc_komono_man.bin,pol,etc_komono_man.bin,24576,0x00000800,raw_table,,,11,5,9,8,100352,106496,6144,
pol/etc_komono_mario.bin,pol,etc_komono_mario.bin,22528,0x00000800,raw_table,,,17,8,8,7,57344,57344,0,
pol/etc_komono_oyaji.bin,pol,etc_komono_oyaji.bin,32768,0x00000800,raw_table,,,21,10,11,10,78336,86016,7680,
pol/etc_man_kao.bin,pol,etc_man_kao.bin,45056,0x00000800,raw_table,,,15,7,8,7,54272,57344,3072,
pol/etc_oyaji_kao.bin,pol,etc_oyaji_kao.bin,18432,0x00000800,raw_table,,,9,4,9,8,67584,67584,0,
pol/fish.bin,pol,fish.bin,213817,0x00064500,compressed,,,,,,,,,,
pol/frog.bin,pol,frog.bin,103086,0x000345C0,compressed,,,,,,,,,,
pol/frog_gold.bin,pol,frog_gold.bin,11663,0x00004580,compressed,,,,,,,,,,
pol/gameover_player.bin,pol,gameover_player.bin,98564,0x00022B80,compressed,,,,,,,,,,
pol/gameover_route.bin,pol,gameover_route.bin,220,0x00000320,compressed,,,,,,,,,,
pol/garasu.bin,pol,garasu.bin,16274,0x0000ED40,compressed,,,,,,,,,,
pol/harold.bin,pol,harold.bin,147936,0x00057260,compressed,,,,,,,,,,
pol/hito_baba.bin,pol,hito_baba.bin,56891,0x00014480,compressed,,,,,,,,,,
pol/hito_babann.bin,pol,hito_babann.bin,24756,0x00008E00,compressed,,,,,,,,,,
pol/hito_boyaa.bin,pol,hito_boyaa.bin,24163,0x00008E20,compressed,,,,,,,,,,
pol/hito_buru.bin,pol,hito_buru.bin,33281,0x0000B420,compressed,,,,,,,,,,
pol/hito_fem.bin,pol,hito_fem.bin,36533,0x0000CC00,compressed,,,,,,,,,,
pol/hito_gal.bin,pol,hito_gal.bin,25131,0x000093A0,compressed,,,,,,,,,,
pol/hito_gal2.bin,pol,hito_gal2.bin,26363,0x000096E0,compressed,,,,,,,,,,
pol/hito_gal3.bin,pol,hito_gal3.bin,25669,0x000091C0,compressed,,,,,,,,,,
pol/hito_galaa.bin,pol,hito_galaa.bin,25893,0x00008FE0,compressed,,,,,,,,,,
pol/hito_galjk.bin,pol,hito_galjk.bin,28209,0x0000A1A0,compressed,,,,,,,,,,
pol/hito_galjkaa.bin,pol,hito_galjkaa.bin,30529,0x0000A920,compressed,,,,,,,,,,
pol/hito_garl.bin,pol,hito_garl.bin,25615,0x00009540,compressed,,,,,,,,,,
pol/hito_garl2.bin,pol,hito_garl2.bin,25861,0x00009700,compressed,,,,,,,,,,
pol/hito_kao_baba.bin,pol,hito_kao_baba.bin,224788,0x00046220,compressed,,,,,,,,,,
pol/hito_kao_boy.bin,pol,hito_kao_boy.bin,71177,0x00031580,compressed,,,,,,,,,,
pol/hito_kao_gal.bin,pol,hito_kao_gal.bin,115118,0x00060B00,compressed,,,,,,,,,,
pol/hito_kao_garl.bin,pol,hito_kao_garl.bin,31891,0x00018BC0,compressed,,,,,,,,,,
pol/hito_kao_man.bin,pol,hito_kao_man.bin,144480,0x00061EE0,compressed,,,,,,,,,,
pol/hito_kao_mario.bin,pol,hito_kao_mario.bin,180943,0x00084AE0,compressed,,,,,,,,,,
pol/hito_kao_oyaji.bin,pol,hito_kao_oyaji.bin,115939,0x0005DEA0,compressed,,,,,,,,,,
pol/hito_man.bin,pol,hito_man.bin,34488,0x0000C140,compressed,,,,,,,,,,
pol/hito_man2.bin,pol,hito_man2.bin,30953,0x0000B180,compressed,,,,,,,,,,
pol/hito_manbest.bin,pol,hito_manbest.bin,34307,0x0000C400,compressed,,,,,,,,,,
pol/hito_mario.bin,pol,hito_mario.bin,39199,0x0000E080,compressed,,,,,,,,,,
pol/hito_mario2.bin,pol,hito_mario2.bin,31335,0x0000ABC0,compressed,,,,,,,,,,
pol/hito_marioaa.bin,pol,hito_marioaa.bin,33625,0x0000BB60,compressed,,,,,,,,,,
pol/hito_oyaji.bin,pol,hito_oyaji.bin,40445,0x0000F4A0,compressed,,,,,,,,,,
pol/hito_oyaji2.bin,pol,hito_oyaji2.bin,26750,0x00009880,compressed,,,,,,,,,,
pol/hito_oyajiaa.bin,pol,hito_oyajiaa.bin,24492,0x00008BA0,compressed,,,,,,,,,,
pol/hito_oyajisagyo.bin,pol,hito_oyajisagyo.bin,25209,0x00008D40,compressed,,,,,,,,,,
pol/hitoc.bin,pol,hitoc.bin,34129,0x0000DA00,compressed,,,,,,,,,,
pol/hou.bin,pol,hou.bin,110214,0x00025280,compressed,,,,,,,,,,
pol/hou_hod1.bin,pol,hou_hod1.bin,27394,0x0000C220,compressed,,,,,,,,,,
pol/item_dia.bin,pol,item_dia.bin,7878,0x00004B20,compressed,,,,,,,,,,
pol/komono_0.bin,pol,komono_0.bin,987,0xC5947546,compressed,,,,,,,,,,
pol/komono_1.bin,pol,komono_1.bin,9761,0x00009C00,compressed,,,,,,,,,,
pol/komono_2.bin,pol,komono_2.bin,22318,0x0000BE20,compressed,,,,,,,,,,
pol/komono_3.bin,pol,komono_3.bin,35220,0x0000EDE0,compressed,,,,,,,,,,
pol/komono_4.bin,pol,komono_4.bin,232,0x000003C0,compressed,,,,,,,,,,
pol/komono_5.bin,pol,komono_5.bin,18889,0x0000CD40,compressed,,,,,,,,,,
pol/komono_6.bin,pol,komono_6.bin,7314,0x00004620,compressed,,,,,,,,,,
pol/komono_7.bin,pol,komono_7.bin,13184,0x00007220,compressed,,,,,,,,,,
pol/komono_8.bin,pol,komono_8.bin,232,0x000003C0,compressed,,,,,,,,,,
pol/komono_anna.bin,pol,komono_anna.bin,9842,0x000073A0,compressed,,,,,,,,,,
pol/komono_bar.bin,pol,komono_bar.bin,22906,0x0000C060,compressed,,,,,,,,,,
pol/komono_barmae.bin,pol,komono_barmae.bin,7555,0x00006480,compressed,,,,,,,,,,
pol/komono_boat.bin,pol,komono_boat.bin,17787,0x00009280,compressed,,,,,,,,,,
pol/komono_boss2.bin,pol,komono_boss2.bin,6274,0x00005A20,compressed,,,,,,,,,,
pol/komono_ido_oke.bin,pol,komono_ido_oke.bin,26566,0x0000C3E0,compressed,,,,,,,,,,
pol/komono_kanban.bin,pol,komono_kanban.bin,2535,0x00001EA0,compressed,,,,,,,,,,
pol/komono_room.bin,pol,komono_room.bin,34772,0x00013180,compressed,,,,,,,,,,
pol/komono_shop.bin,pol,komono_shop.bin,1710,0x00000EC0,compressed,,,,,,,,,,
pol/komono_shop2.bin,pol,komono_shop2.bin,2508,0x000015C0,compressed,,,,,,,,,,
pol/komono_souko.bin,pol,komono_souko.bin,10286,0x000076E0,compressed,,,,,,,,,,
pol/komono_st1.bin,pol,komono_st1.bin,23247,0x0000E800,compressed,,,,,,,,,,
pol/komono_st1b.bin,pol,komono_st1b.bin,9018,0x00005840,compressed,,,,,,,,,,
pol/komono_st2.bin,pol,komono_st2.bin,232,0x000003C0,compressed,,,,,,,,,,
pol/komono_st4.bin,pol,komono_st4.bin,16503,0x00008A40,compressed,,,,,,,,,,
pol/komono_st6.bin,pol,komono_st6.bin,34120,0x00024820,compressed,,,,,,,,,,
pol/komono_suimon.bin,pol,komono_suimon.bin,10620,0x00007860,compressed,,,,,,,,,,
pol/komono_suimonie.bin,pol,komono_suimonie.bin,18479,0x00008B00,compressed,,,,,,,,,,
pol/komono_title.bin,pol,komono_title.bin,1773,0x00000E80,compressed,,,,,,,,,,
pol/komono_tokeidai.bin,pol,komono_tokeidai.bin,9531,0x000082C0,compressed,,,,,,,,,,
pol/komono_uemiti.bin,pol,komono_uemiti.bin,3574,0x00002720,compressed,,,,,,,,,,
pol/komono_unga.bin,pol,komono_unga.bin,7005,0x00003F40,compressed,,,,,,,,,,
pol/komono_venis.bin,pol,komono_venis.bin,5366,0x00003FA0,compressed,,,,,,,,,,
pol/kyoukai_garasu.bin,pol,kyoukai_garasu.bin,34002,0x0001EE40,compressed,,,,,,,,,,
pol/logan.bin,pol,logan.bin,135830,0x000334E0,compressed,,,,,,,,,,
pol/logan_hod1.bin,pol,logan_hod1.bin,29612,0x0000DDE0,compressed,,,,,,,,,,
pol/mol.bin,pol,mol.bin,11336,0x00006A00,compressed,,,,,,,,,,
pol/mouse.bin,pol,mouse.bin,119985,0x0002ADA0,compressed,,,,,,,,,,
pol/nment.bin,pol,nment.bin,994,0x00003D60,compressed,,,,,,,,,,
pol/owl.bin,pol,owl.bin,80713,0x0001EC00,compressed,,,,,,,,,,
pol/player1.bin,pol,player1.bin,230477,0x00049080,compressed,,,,,,,,,,
pol/player2.bin,pol,player2.bin,240574,0x0004A620,compressed,,,,,,,,,,
pol/player3.bin,pol,player3.bin,205857,0x000423A0,compressed,,,,,,,,,,
pol/player4.bin,pol,player4.bin,132846,0x0002D200,compressed,,,,,,,,,,
pol/player_gold.bin,pol,player_gold.bin,115926,0x00027460,compressed,,,,,,,,,,
pol/pol_b6boss1z.bin,pol,pol_b6boss1z.bin,30021,0x000092A0,compressed,1,1,,,,,,,,
pol/pol_b6boss1z_wing.bin,pol,pol_b6boss1z_wing.bin,2442,0x00000E60,compressed,1,1,,,,,,,,
pol/pol_b6boss2.bin,pol,pol_b6boss2.bin,32008,0x0000A540,compressed,1,1,,,,,,,,
pol/pol_b6boss3.bin,pol,pol_b6boss3.bin,31151,0x0000B440,compressed,1,1,,,,,,,,
pol/pol_b6boss4.bin,pol,pol_b6boss4.bin,32064,0x0000B000,compressed,1,1,,,,,,,,
pol/pol_b6boss5.bin,pol,pol_b6boss5.bin,53481,0x0000FFC0,compressed,1,1,,,,,,,,
pol/pol_bg_adv00.bin,pol,pol_bg_adv00.bin,63515,0x00023C20,compressed,1,1,,,,,,,,
pol/pol_bg_adv01.bin,pol,pol_bg_adv01.bin,67589,0x00027500,compressed,1,1,,,,,,,,
pol/pol_bg_adv02.bin,pol,pol_bg_adv02.bin,36814,0x000169E0,compressed,1,1,,,,,,,,
pol/pol_bg_adv03.bin,pol,pol_bg_adv03.bin,81832,0x0003A800,compressed,1,1,,,,,,,,
pol/pol_bg_adv04.bin,pol,pol_bg_adv04.bin,3896,0x000026E0,compressed,1,1,,,,,,,,
pol/pol_bg_adv05.bin,pol,pol_bg_adv05.bin,15385,0x00009200,compressed,1,1,,,,,,,,
pol/pol_bg_adv06.bin,pol,pol_bg_adv06.bin,6528,0x00004400,compressed,1,1,,,,,,,,
pol/pol_bg_adv07.bin,pol,pol_bg_adv07.bin,35681,0x00015440,compressed,1,1,,,,,,,,
pol/pol_bg_adv08.bin,pol,pol_bg_adv08.bin,66258,0x00026380,compressed,1,1,,,,,,,,
pol/pol_bg_adv09.bin,pol,pol_bg_adv09.bin,59782,0x00022220,compressed,1,1,,,,,,,,
pol/pol_bg_adv10.bin,pol,pol_bg_adv10.bin,232,0x000003C0,compressed,1,1,,,,,,,,
pol/pol_bg_adv11.bin,pol,pol_bg_adv11.bin,102269,0x0002E480,compressed,1,1,,,,,,,,
pol/pol_bg_adv12.bin,pol,pol_bg_adv12.bin,18781,0x00009EA0,compressed,1,1,,,,,,,,
pol/pol_bg_adv13.bin,pol,pol_bg_adv13.bin,24060,0x0000FE60,compressed,1,1,,,,,,,,
pol/pol_bg_adv14.bin,pol,pol_bg_adv14.bin,15149,0x0000AAC0,compressed,1,1,,,,,,,,
pol/pol_bg_adv15.bin,pol,pol_bg_adv15.bin,20341,0x0000B200,compressed,1,1,,,,,,,,
pol/pol_bg_adv16.bin,pol,pol_bg_adv16.bin,13994,0x0000C680,compressed,1,1,,,,,,,,
pol/pol_bg_adv17.bin,pol,pol_bg_adv17.bin,48266,0x0001D560,compressed,1,1,,,,,,,,
pol/pol_bg_adv18.bin,pol,pol_bg_adv18.bin,76351,0x0002C6A0,compressed,1,1,,,,,,,,
pol/pol_bg_result01.bin,pol,pol_bg_result01.bin,74750,0x0002ABE0,compressed,1,1,,,,,,,,
pol/pol_bg_result02.bin,pol,pol_bg_result02.bin,66621,0x0002B780,compressed,1,1,,,,,,,,
pol/pol_bg_result03.bin,pol,pol_bg_result03.bin,9688,0x00005CE0,compressed,1,1,,,,,,,,
pol/pol_bg_result04.bin,pol,pol_bg_result04.bin,52817,0x000152A0,compressed,1,1,,,,,,,,
pol/pol_boss1q.bin,pol,pol_boss1q.bin,82291,0x0003B2C0,compressed,1,1,,,,,,,,
pol/pol_boss1z.bin,pol,pol_boss1z.bin,130796,0x0002CE00,compressed,1,1,,,,,,,,
pol/pol_boss1z_wing.bin,pol,pol_boss1z_wing.bin,2236,0x00000E60,compressed,1,1,,,,,,,,
pol/pol_boss2.bin,pol,pol_boss2.bin,127170,0x0003ED80,compressed,1,1,,,,,,,,
pol/pol_boss2_hane_hod1.bin,pol,pol_boss2_hane_hod1.bin,148295,0xBE112208,compressed,1,0,,,,,,,,"ANOMALY: same name, differing content"
pol/pol_boss2_hod1.bin,pol,pol_boss2_hod1.bin,44286,0x00015CE0,compressed,1,1,,,,,,,,
pol/pol_boss3.bin,pol,pol_boss3.bin,20001,0x00007320,compressed,1,1,,,,,,,,
pol/pol_boss3_hod1.bin,pol,pol_boss3_hod1.bin,433037,0x000D4F60,compressed,1,1,,,,,,,,
pol/pol_boss3l.bin,pol,pol_boss3l.bin,31908,0x0000C540,compressed,1,1,,,,,,,,
pol/pol_boss4.bin,pol,pol_boss4.bin,152586,0x00034F00,compressed,1,1,,,,,,,,
pol/pol_boss4_hod1.bin,pol,pol_boss4_hod1.bin,49792,0x00013CE0,compressed,1,1,,,,,,,,
pol/pol_boss4_hrs_hod1.bin,pol,pol_boss4_hrs_hod1.bin,173882,0x0005ABA0,compressed,1,1,,,,,,,,
pol/pol_boss4_kls_hod1.bin,pol,pol_boss4_kls_hod1.bin,326586,0x0009D860,compressed,1,1,,,,,,,,
pol/pol_boss4_mls_hod1.bin,pol,pol_boss4_mls_hod1.bin,226121,0x00070FE0,compressed,1,1,,,,,,,,
pol/pol_boss5.bin,pol,pol_boss5.bin,687817,0x00136C20,compressed,1,1,,,,,,,,
pol/pol_boss5b.bin,pol,pol_boss5b.bin,567605,0x001091A0,compressed,1,1,,,,,,,,
pol/pol_boss6.bin,pol,pol_boss6.bin,204653,0x000793E0,compressed,1,1,,,,,,,,
pol/pol_bridge.bin,pol,pol_bridge.bin,49643,0x0001C700,compressed,1,1,,,,,,,,
pol/pol_bridge_st5.bin,pol,pol_bridge_st5.bin,15653,0x00008220,compressed,1,1,,,,,,,,
pol/pol_buyo.bin,pol,pol_buyo.bin,153744,0x0004ED40,compressed,1,1,,,,,,,,
pol/pol_car_1.bin,pol,pol_car_1.bin,86925,0x000281A0,compressed,1,1,,,,,,,,
pol/pol_car_2.bin,pol,pol_car_2.bin,27638,0x0000D400,compressed,1,1,,,,,,,,
pol/pol_car_org.bin,pol,pol_car_org.bin,40023,0x000100A0,compressed,1,1,,,,,,,,
pol/pol_car_pl.bin,pol,pol_car_pl.bin,59055,0x0001D5A0,compressed,1,1,,,,,,,,
pol/pol_cat.bin,pol,pol_cat.bin,19847,0x00006C00,compressed,1,1,,,,,,,,
pol/pol_char_adv00.bin,pol,pol_char_adv00.bin,56966,0x00025CA0,compressed,1,1,,,,,,,,
pol/pol_char_adv01.bin,pol,pol_char_adv01.bin,53654,0x00013480,compressed,1,1,,,,,,,,
pol/pol_char_adv02.bin,pol,pol_char_adv02.bin,133348,0x0004FA40,compressed,1,1,,,,,,,,
pol/pol_char_adv03.bin,pol,pol_char_adv03.bin,232,0x000003C0,compressed,1,1,,,,,,,,
pol/pol_char_adv04.bin,pol,pol_char_adv04.bin,266587,0x00069460,compressed,1,1,,,,,,,,
pol/pol_char_adv05.bin,pol,pol_char_adv05.bin,317425,0x00069620,compressed,1,1,,,,,,,,
pol/pol_char_adv06.bin,pol,pol_char_adv06.bin,135151,0x0003A600,compressed,1,1,,,,,,,,
pol/pol_char_adv07.bin,pol,pol_char_adv07.bin,205550,0x00086700,compressed,1,1,,,,,,,,
pol/pol_colo_monitor.bin,pol,pol_colo_monitor.bin,507,0x00000F80,compressed,1,1,,,,,,,,
pol/pol_common.bin,pol,pol_common.bin,575389,0x00143FC0,compressed,1,1,,,,,,,,
pol/pol_curien.bin,pol,pol_curien.bin,34229,0x0000EAA0,compressed,1,1,,,,,,,,
pol/pol_dc_ctrl.bin,pol,pol_dc_ctrl.bin,159414,0x0004BC00,compressed,1,1,,,,,,,,
pol/pol_deka_musume.bin,pol,pol_deka_musume.bin,27426,0x00009340,compressed,1,1,,,,,,,,
pol/pol_deka_otoko.bin,pol,pol_deka_otoko.bin,36442,0x0000DDC0,compressed,1,1,,,,,,,,
pol/pol_dolam.bin,pol,pol_dolam.bin,46421,0x00013A60,compressed,1,1,,,,,,,,
pol/pol_door_1.bin,pol,pol_door_1.bin,365518,0x000AEC80,compressed,1,1,,,,,,,,
pol/pol_eff_1.bin,pol,pol_eff_1.bin,38028,0x00024F80,compressed,1,1,,,,,,,,
pol/pol_eff_2.bin,pol,pol_eff_2.bin,61318,0x00028960,compressed,1,1,,,,,,,,
pol/pol_eff_3.bin,pol,pol_eff_3.bin,232,0x000003C0,compressed,1,1,,,,,,,,
pol/pol_eff_4.bin,pol,pol_eff_4.bin,3607,0x00002BA0,compressed,1,1,,,,,,,,
pol/pol_eff_boss3.bin,pol,pol_eff_boss3.bin,198996,0x0007EFE0,compressed,1,1,,,,,,,,
pol/pol_eff_boss4.bin,pol,pol_eff_boss4.bin,232,0x000003C0,compressed,1,1,,,,,,,,
pol/pol_eff_boss5.bin,pol,pol_eff_boss5.bin,311177,0x000AF700,compressed,1,1,,,,,,,,
pol/pol_eff_boss6.bin,pol,pol_eff_boss6.bin,145595,0x00082940,compressed,1,1,,,,,,,,
pol/pol_eff_car.bin,pol,pol_eff_car.bin,6220,0x00003340,compressed,1,1,,,,,,,,
pol/pol_eff_colo.bin,pol,pol_eff_colo.bin,12173,0x00007B80,compressed,1,1,,,,,,,,
pol/pol_eff_dokan.bin,pol,pol_eff_dokan.bin,130622,0x00040C00,compressed,1,1,,,,,,,,
pol/pol_eff_funsui.bin,pol,pol_eff_funsui.bin,300218,0x000B9EA0,compressed,1,1,,,,,,,,
pol/pol_eff_funsui2.bin,pol,pol_eff_funsui2.bin,658,0x00001FA0,compressed,1,1,,,,,,,,
pol/pol_eff_izumi.bin,pol,pol_eff_izumi.bin,4204,0x0000D6A0,compressed,1,1,,,,,,,,
pol/pol_eff_org.bin,pol,pol_eff_org.bin,270,0x00000E20,compressed,1,1,,,,,,,,
pol/pol_eff_org10.bin,pol,pol_eff_org10.bin,8377,0x00005B40,compressed,1,1,,,,,,,,
pol/pol_eff_org11.bin,pol,pol_eff_org11.bin,391,0x000019E0,compressed,1,1,,,,,,,,
pol/pol_eff_org12.bin,pol,pol_eff_org12.bin,678,0x000019E0,compressed,1,1,,,,,,,,
pol/pol_eff_org2.bin,pol,pol_eff_org2.bin,13860,0x00006CE0,compressed,1,1,,,,,,,,
pol/pol_eff_org3.bin,pol,pol_eff_org3.bin,13999,0x0000A180,compressed,1,1,,,,,,,,
pol/pol_eff_org4.bin,pol,pol_eff_org4.bin,518,0x00002680,compressed,1,1,,,,,,,,
pol/pol_eff_org5.bin,pol,pol_eff_org5.bin,519,0x00002680,compressed,1,1,,,,,,,,
pol/pol_eff_org5b.bin,pol,pol_eff_org5b.bin,389,0x000019E0,compressed,1,1,,,,,,,,
pol/pol_eff_org6.bin,pol,pol_eff_org6.bin,18433,0x0000BD60,compressed,1,1,,,,,,,,
pol/pol_eff_org7.bin,pol,pol_eff_org7.bin,3963,0x00003C60,compressed,1,1,,,,,,,,
pol/pol_eff_org8.bin,pol,pol_eff_org8.bin,4981,0x00003E60,compressed,1,1,,,,,,,,
pol/pol_eff_org9.bin,pol,pol_eff_org9.bin,63138,0x00023C40,compressed,1,1,,,,,,,,
pol/pol_eff_shop.bin,pol,pol_eff_shop.bin,44151,0x0001D820,compressed,1,1,,,,,,,,
pol/pol_eff_taki.bin,pol,pol_eff_taki.bin,10772,0x0000D7C0,compressed,1,1,,,,,,,,
pol/pol_etc_1.bin,pol,pol_etc_1.bin,270336,0x00000800,raw_table,1,0,137,68,,,,,,"ANOMALY: same name, differing content"
pol/pol_etc_1_01.bin,pol,pol_etc_1_01.bin,8192,0x00000800,raw_table,1,1,5,2,,,,,,
pol/pol_etc_1_02.bin,pol,pol_etc_1_02.bin,6144,0x00000800,raw_table,1,1,3,1,,,,,,
pol/pol_etc_1_03.bin,pol,pol_etc_1_03.bin,10240,0x00000800,raw_table,1,1,7,3,,,,,,
pol/pol_etc_1_04.bin,pol,pol_etc_1_04.bin,14336,0x00000800,raw_table,1,1,5,2,,,,,,
pol/pol_etc_1_05.bin,pol,pol_etc_1_05.bin,69632,0x00000800,raw_table,1,1,3,1,,,,,,
pol/pol_etc_1_06.bin,pol,pol_etc_1_06.bin,4096,0x00000800,raw_table,1,1,3,1,,,,,,
pol/pol_etc_1_07.bin,pol,pol_etc_1_07.bin,4096,0x00000800,raw_table,1,1,3,1,,,,,,
pol/pol_etc_1_08.bin,pol,pol_etc_1_08.bin,4096,0x00000800,raw_table,1,1,3,1,,,,,,
pol/pol_etc_1_09.bin,pol,pol_etc_1_09.bin,4096,0x00000800,raw_table,1,1,3,1,,,,,,
pol/pol_etc_2.bin,pol,pol_etc_2.bin,118784,0x00000800,raw_table,1,1,39,19,,,,,,
pol/pol_etc_boy_kao.bin,pol,pol_etc_boy_kao.bin,14336,0x00000800,raw_table,1,1,7,3,,,,,,
pol/pol_etc_door.bin,pol,pol_etc_door.bin,28672,0x00000800,raw_table,1,1,21,10,,,,,,
pol/pol_etc_gal_kao.bin,pol,pol_etc_gal_kao.bin,26624,0x00000800,raw_table,1,1,9,4,,,,,,
pol/pol_etc_komono_baba.bin,pol,pol_etc_komono_baba.bin,14336,0x00000800,raw_table,1,1,5,2,,,,,,
pol/pol_etc_komono_boy.bin,pol,pol_etc_komono_boy.bin,12288,0x00000800,raw_table,1,1,7,3,,,,,,
pol/pol_etc_komono_buru.bin,pol,pol_etc_komono_buru.bin,6144,0x00000800,raw_table,1,1,5,2,,,,,,
pol/pol_etc_komono_fem.bin,pol,pol_etc_komono_fem.bin,6144,0x00000800,raw_table,1,1,5,2,,,,,,
pol/pol_etc_komono_gal.bin,pol,pol_etc_komono_gal.bin,55296,0x00000800,raw_table,1,1,25,12,,,,,,
pol/pol_etc_komono_garl.bin,pol,pol_etc_komono_garl.bin,18432,0x00000800,raw_table,1,1,5,2,,,,,,
pol/pol_etc_komono_man.bin,pol,pol_etc_komono_man.bin,24576,0x00000800,raw_table,1,1,11,5,,,,,,
pol/pol_etc_komono_mario.bin,pol,pol_etc_komono_mario.bin,22528,0x00000800,raw_table,1,1,17,8,,,,,,
pol/pol_etc_komono_oyaji.bin,pol,pol_etc_komono_oyaji.bin,32768,0x00000800,raw_table,1,1,21,10,,,,,,
pol/pol_etc_man_kao.bin,pol,pol_etc_man_kao.bin,45056,0x00000800,raw_table,1,1,15,7,,,,,,
pol/pol_etc_oyaji_kao.bin,pol,pol_etc_oyaji_kao.bin,18432,0x00000800,raw_table,1,1,9,4,,,,,,
pol/pol_fish.bin,pol,pol_fish.bin,213817,0x00064500,compressed,1,1,,,,,,,,
pol/pol_frog.bin,pol,pol_frog.bin,103086,0x000345C0,compressed,1,1,,,,,,,,
pol/pol_frog_gold.bin,pol,pol_frog_gold.bin,11663,0x00004580,compressed,1,1,,,,,,,,
pol/pol_gameover_player.bin,pol,pol_gameover_player.bin,98564,0x00022B80,compressed,1,1,,,,,,,,
pol/pol_gameover_route.bin,pol,pol_gameover_route.bin,220,0x00000320,compressed,1,1,,,,,,,,
pol/pol_garasu.bin,pol,pol_garasu.bin,16274,0x0000ED40,compressed,1,1,,,,,,,,
pol/pol_harold.bin,pol,pol_harold.bin,147936,0x00057260,compressed,1,1,,,,,,,,
pol/pol_hito_baba.bin,pol,pol_hito_baba.bin,56891,0x00014480,compressed,1,1,,,,,,,,
pol/pol_hito_babann.bin,pol,pol_hito_babann.bin,24756,0x00008E00,compressed,1,1,,,,,,,,
pol/pol_hito_boyaa.bin,pol,pol_hito_boyaa.bin,24163,0x00008E20,compressed,1,1,,,,,,,,
pol/pol_hito_buru.bin,pol,pol_hito_buru.bin,33281,0x0000B420,compressed,1,1,,,,,,,,
pol/pol_hito_fem.bin,pol,pol_hito_fem.bin,36533,0x0000CC00,compressed,1,1,,,,,,,,
pol/pol_hito_gal.bin,pol,pol_hito_gal.bin,25131,0x000093A0,compressed,1,1,,,,,,,,
pol/pol_hito_gal2.bin,pol,pol_hito_gal2.bin,26363,0x000096E0,compressed,1,1,,,,,,,,
pol/pol_hito_gal3.bin,pol,pol_hito_gal3.bin,25669,0x000091C0,compressed,1,1,,,,,,,,
pol/pol_hito_galaa.bin,pol,pol_hito_galaa.bin,25893,0x00008FE0,compressed,1,1,,,,,,,,
pol/pol_hito_galjk.bin,pol,pol_hito_galjk.bin,28209,0x0000A1A0,compressed,1,1,,,,,,,,
pol/pol_hito_galjkaa.bin,pol,pol_hito_galjkaa.bin,30529,0x0000A920,compressed,1,1,,,,,,,,
pol/pol_hito_garl.bin,pol,pol_hito_garl.bin,25615,0x00009540,compressed,1,1,,,,,,,,
pol/pol_hito_garl2.bin,pol,pol_hito_garl2.bin,25861,0x00009700,compressed,1,1,,,,,,,,
pol/pol_hito_kao_baba.bin,pol,pol_hito_kao_baba.bin,224788,0x00046220,compressed,1,1,,,,,,,,
pol/pol_hito_kao_boy.bin,pol,pol_hito_kao_boy.bin,71177,0x00031580,compressed,1,1,,,,,,,,
pol/pol_hito_kao_gal.bin,pol,pol_hito_kao_gal.bin,115118,0x00060B00,compressed,1,1,,,,,,,,
pol/pol_hito_kao_garl.bin,pol,pol_hito_kao_garl.bin,31891,0x00018BC0,compressed,1,1,,,,,,,,
pol/pol_hito_kao_man.bin,pol,pol_hito_kao_man.bin,144480,0x00061EE0,compressed,1,1,,,,,,,,
pol/pol_hito_kao_mario.bin,pol,pol_hito_kao_mario.bin,180943,0x00084AE0,compressed,1,1,,,,,,,,
pol/pol_hito_kao_oyaji.bin,pol,pol_hito_kao_oyaji.bin,115939,0x0005DEA0,compressed,1,1,,,,,,,,
pol/pol_hito_man.bin,pol,pol_hito_man.bin,34488,0x0000C140,compressed,1,1,,,,,,,,
pol/pol_hito_man2.bin,pol,pol_hito_man2.bin,30953,0x0000B180,compressed,1,1,,,,,,,,
pol/pol_hito_manbest.bin,pol,pol_hito_manbest.bin,34307,0x0000C400,compressed,1,1,,,,,,,,
pol/pol_hito_mario.bin,pol,pol_hito_mario.bin,39199,0x0000E080,compressed,1,1,,,,,,,,
pol/pol_hito_mario2.bin,pol,pol_hito_mario2.bin,31335,0x0000ABC0,compressed,1,1,,,,,,,,
pol/pol_hito_marioaa.bin,pol,pol_hito_marioaa.bin,33625,0x0000BB60,compressed,1,1,,,,,,,,
pol/pol_hito_oyaji.bin,pol,pol_hito_oyaji.bin,40445,0x0000F4A0,compressed,1,1,,,,,,,,
pol/pol_hito_oyaji2.bin,pol,pol_hito_oyaji2.bin,26750,0x00009880,compressed,1,1,,,,,,,,
pol/pol_hito_oyajiaa.bin,pol,pol_hito_oyajiaa.bin,24492,0x00008BA0,compressed,1,1,,,,,,,,
pol/pol_hito_oyajisagyo.bin,pol,pol_hito_oyajisagyo.bin,25209,0x00008D40,compressed,1,1,,,,,,,,
pol/pol_hitoc.bin,pol,pol_hitoc.bin,34129,0x0000DA00,compressed,1,1,,,,,,,,
pol/pol_hou.bin,pol,pol_hou.bin,110214,0x00025280,compressed,1,1,,,,,,,,
pol/pol_hou_hod1.bin,pol,pol_hou_hod1.bin,27394,0x0000C220,compressed,1,1,,,,,,,,
pol/pol_item_dia.bin,pol,pol_item_dia.bin,7878,0x00004B20,compressed,1,1,,,,,,,,
pol/pol_komono_1.bin,pol,pol_komono_1.bin,9761,0x00009C00,compressed,1,1,,,,,,,,
pol/pol_komono_2.bin,pol,pol_komono_2.bin,22318,0x0000BE20,compressed,1,1,,,,,,,,
pol/pol_komono_3.bin,pol,pol_komono_3.bin,35220,0x0000EDE0,compressed,1,1,,,,,,,,
pol/pol_komono_4.bin,pol,pol_komono_4.bin,232,0x000003C0,compressed,1,1,,,,,,,,
pol/pol_komono_5.bin,pol,pol_komono_5.bin,18889,0x0000CD40,compressed,1,1,,,,,,,,
pol/pol_komono_6.bin,pol,pol_komono_6.bin,7314,0x00004620,compressed,1,1,,,,,,,,
pol/pol_komono_7.bin,pol,pol_komono_7.bin,13184,0x00007220,compressed,1,1,,,,,,,,
pol/pol_komono_8.bin,pol,pol_komono_8.bin,232,0x000003C0,compressed,1,1,,,,,,,,
pol/pol_komono_anna.bin,pol,pol_komono_anna.bin,9842,0x000073A0,compressed,1,1,,,,,,,,
pol/pol_komono_bar.bin,pol,pol_komono_bar.bin,22906,0x0000C060,compressed,1,1,,,,,,,,
pol/pol_komono_barmae.bin,pol,pol_komono_barmae.bin,7555,0x00006480,compressed,1,1,,,,,,,,
pol/pol_komono_boat.bin,pol,pol_komono_boat.bin,17787,0x00009280,compressed,1,1,,,,,,,,
pol/pol_komono_boss2.bin,pol,pol_komono_boss2.bin,6274,0x00005A20,compressed,1,1,,,,,,,,
pol/pol_komono_ido_oke.bin,pol,pol_komono_ido_oke.bin,26566,0x0000C3E0,compressed,1,1,,,,,,,,
pol/pol_komono_kanban.bin,pol,pol_komono_kanban.bin,2535,0x00001EA0,compressed,1,1,,,,,,,,
pol/pol_komono_room.bin,pol,pol_komono_room.bin,34772,0x00013180,compressed,1,1,,,,,,,,
pol/pol_komono_shop.bin,pol,pol_komono_shop.bin,1710,0x00000EC0,compressed,1,1,,,,,,,,
pol/pol_komono_shop2.bin,pol,pol_komono_shop2.bin,2508,0x000015C0,compressed,1,1,,,,,,,,
pol/pol_komono_souko.bin,pol,pol_komono_souko.bin,10286,0x000076E0,compressed,1,1,,,,,,,,
pol/pol_komono_st1.bin,pol,pol_komono_st1.bin,23247,0x0000E800,compressed,1,1,,,,,,,,
pol/pol_komono_st1b.bin,pol,pol_komono_st1b.bin,9018,0x00005840,compressed,1,1,,,,,,,,
pol/pol_komono_st2.bin,pol,pol_komono_st2.bin,232,0x000003C0,compressed,1,1,,,,,,,,
pol/pol_komono_st4.bin,pol,pol_komono_st4.bin,16503,0x00008A40,compressed,1,1,,,,,,,,
pol/pol_komono_st6.bin,pol,pol_komono_st6.bin,34120,0x00024820,compressed,1,1,,,,,,,,
pol/pol_komono_suimon.bin,pol,pol_komono_suimon.bin,10620,0x00007860,compressed,1,1,,,,,,,,
pol/pol_komono_suimonie.bin,pol,pol_komono_suimonie.bin,18479,0xEE9B3EB7,compressed,1,0,,,,,,,,"ANOMALY: same name, differing content"
pol/pol_komono_title.bin,pol,pol_komono_title.bin,1587,0x00000CC0,compressed,1,0,,,,,,,,"ANOMALY: same name, differing content"
pol/pol_komono_tokeidai.bin,pol,pol_komono_tokeidai.bin,9531,0x000082C0,compressed,1,1,,,,,,,,
pol/pol_komono_uemiti.bin,pol,pol_komono_uemiti.bin,3574,0x00002720,compressed,1,1,,,,,,,,
pol/pol_komono_unga.bin,pol,pol_komono_unga.bin,7005,0x00003F40,compressed,1,1,,,,,,,,
pol/pol_komono_venis.bin,pol,pol_komono_venis.bin,5366,0x00003FA0,compressed,1,1,,,,,,,,
pol/pol_kyoukai_garasu.bin,pol,pol_kyoukai_garasu.bin,34002,0x0001EE40,compressed,1,1,,,,,,,,
pol/pol_logan.bin,pol,pol_logan.bin,135830,0x000334E0,compressed,1,1,,,,,,,,
pol/pol_logan_hod1.bin,pol,pol_logan_hod1.bin,29612,0x0000DDE0,compressed,1,1,,,,,,,,
pol/pol_mol.bin,pol,pol_mol.bin,11336,0x00006A00,compressed,1,1,,,,,,,,
pol/pol_mouse.bin,pol,pol_mouse.bin,119985,0x0002ADA0,compressed,1,1,,,,,,,,
pol/pol_nment.bin,pol,pol_nment.bin,994,0x00003D60,compressed,1,1,,,,,,,,
pol/pol_owl.bin,pol,pol_owl.bin,80713,0x0001EC00,compressed,1,1,,,,,,,,
pol/pol_player1.bin,pol,pol_player1.bin,230477,0x00049080,compressed,1,1,,,,,,,,
pol/pol_player2.bin,pol,pol_player2.bin,240574,0x0004A620,compressed,1,1,,,,,,,,
pol/pol_player3.bin,pol,pol_player3.bin,205857,0x000423A0,compressed,1,1,,,,,,,,
pol/pol_player4.bin,pol,pol_player4.bin,132846,0x0002D200,compressed,1,1,,,,,,,,
pol/pol_player_gold.bin,pol,pol_player_gold.bin,115926,0x00027460,compressed,1,1,,,,,,,,
pol/pol_ranking.bin,pol,pol_ranking.bin,1446,0x00001F20,compressed,1,1,,,,,,,,
pol/pol_rating.bin,pol,pol_rating.bin,251,0x00000F80,compressed,1,1,,,,,,,,
pol/pol_result.bin,pol,pol_result.bin,450,0x00002840,compressed,1,1,,,,,,,,
pol/pol_samson.bin,pol,pol_samson.bin,47854,0x00019040,compressed,1,1,,,,,,,,
pol/pol_sanbasi.bin,pol,pol_sanbasi.bin,107903,0x00028820,compressed,1,1,,,,,,,,
pol/pol_st1_01.bin,pol,pol_st1_01.bin,251904,0x00000800,raw_table,1,1,3,1,,,,,,
pol/pol_st1_01b.bin,pol,pol_st1_01b.bin,53248,0x00000800,raw_table,1,1,3,1,,,,,,
pol/pol_st1_01c.bin,pol,pol_st1_01c.bin,147456,0x00000800,raw_table,1,1,3,1,,,,,,
pol/pol_st1_02.bin,pol,pol_st1_02.bin,212992,0x00000800,raw_table,1,1,3,1,,,,,,
pol/pol_st1_03.bin,pol,pol_st1_03.bin,1107968,0x00000800,raw_table,1,1,11,5,,,,,,
pol/pol_st1_03b.bin,pol,pol_st1_03b.bin,227328,0x00000800,raw_table,1,1,7,3,,,,,,
pol/pol_st1_03c.bin,pol,pol_st1_03c.bin,131072,0x00000800,raw_table,1,1,7,3,,,,,,
pol/pol_st1_04.bin,pol,pol_st1_04.bin,163840,0x00000800,raw_table,1,1,9,4,,,,,,
pol/pol_st1_04b.bin,pol,pol_st1_04b.bin,284672,0x00000800,raw_table,1,1,5,2,,,,,,
pol/pol_st1_04c.bin,pol,pol_st1_04c.bin,174080,0x00000800,raw_table,1,1,5,2,,,,,,
pol/pol_st1_05.bin,pol,pol_st1_05.bin,108544,0x00000800,raw_table,1,1,3,1,,,,,,
pol/pol_st1_1.bin,pol,pol_st1_1.bin,776192,0x00000800,raw_table,1,1,81,40,,,,,,
pol/pol_st1_1b.bin,pol,pol_st1_1b.bin,153600,0x00000800,raw_table,1,1,33,16,,,,,,
pol/pol_st2_01.bin,pol,pol_st2_01.bin,40960,0x00000800,raw_table,1,1,3,1,,,,,,
pol/pol_st2_02.bin,pol,pol_st2_02.bin,253952,0x00000800,raw_table,1,1,7,3,,,,,,
pol/pol_st2_02b.bin,pol,pol_st2_02b.bin,77824,0x00000800,raw_table,1,1,5,2,,,,,,
pol/pol_st2_03.bin,pol,pol_st2_03.bin,456704,0x00000800,raw_table,1,1,7,3,,,,,,
pol/pol_st2_04.bin,pol,pol_st2_04.bin,169984,0x00000800,raw_table,1,1,7,3,,,,,,
pol/pol_st2_05.bin,pol,pol_st2_05.bin,169984,0x00000800,raw_table,1,1,5,2,,,,,,
pol/pol_st2_06.bin,pol,pol_st2_06.bin,391168,0x00000800,raw_table,1,1,11,5,,,,,,
pol/pol_st2_06b.bin,pol,pol_st2_06b.bin,63488,0x00000800,raw_table,1,1,3,1,,,,,,
pol/pol_st2_06c.bin,pol,pol_st2_06c.bin,106496,0x00000800,raw_table,1,1,5,2,,,,,,
pol/pol_st2_07.bin,pol,pol_st2_07.bin,2009088,0x00000800,raw_table,1,1,29,14,,,,,,
pol/pol_st2_08.bin,pol,pol_st2_08.bin,368640,0x00000800,raw_table,1,1,5,2,,,,,,
pol/pol_st2_09.bin,pol,pol_st2_09.bin,10240,0x00000800,raw_table,1,1,3,1,,,,,,
pol/pol_st2_10.bin,pol,pol_st2_10.bin,157696,0x00000800,raw_table,1,1,7,3,,,,,,
pol/pol_st2_11.bin,pol,pol_st2_11.bin,102400,0x00000800,raw_table,1,1,3,1,,,,,,
pol/pol_st2_11b.bin,pol,pol_st2_11b.bin,114688,0x00000800,raw_table,1,1,3,1,,,,,,
pol/pol_st2_12.bin,pol,pol_st2_12.bin,231424,0x00000800,raw_table,1,1,5,2,,,,,,
pol/pol_st2_13.bin,pol,pol_st2_13.bin,249856,0x00000800,raw_table,1,1,9,4,,,,,,
pol/pol_st2_14.bin,pol,pol_st2_14.bin,247808,0x00000800,raw_table,1,1,3,1,,,,,,
pol/pol_st3.bin,pol,pol_st3.bin,22528,0x00000800,raw_table,1,1,5,2,,,,,,
pol/pol_st3_01.bin,pol,pol_st3_01.bin,1083392,0x00000800,raw_table,1,1,9,4,,,,,,
pol/pol_st3_02.bin,pol,pol_st3_02.bin,364544,0x00000800,raw_table,1,1,7,3,,,,,,
pol/pol_st3_03.bin,pol,pol_st3_03.bin,149504,0x00000800,raw_table,1,1,7,3,,,,,,
pol/pol_st3_04.bin,pol,pol_st3_04.bin,479232,0x00000800,raw_table,1,1,7,3,,,,,,
pol/pol_st3_05.bin,pol,pol_st3_05.bin,71680,0x00000800,raw_table,1,1,5,2,,,,,,
pol/pol_st3_06.bin,pol,pol_st3_06.bin,167936,0x00000800,raw_table,1,1,3,1,,,,,,
pol/pol_st3_07.bin,pol,pol_st3_07.bin,26624,0x00000800,raw_table,1,1,3,1,,,,,,
pol/pol_st3_08.bin,pol,pol_st3_08.bin,1595392,0x00000800,raw_table,1,1,29,14,,,,,,
pol/pol_st3_tika_bos.bin,pol,pol_st3_tika_bos.bin,6872,0x00004BE0,compressed,1,1,,,,,,,,
pol/pol_st4.bin,pol,pol_st4.bin,4096,0x00000800,raw_table,1,1,3,1,,,,,,
pol/pol_st4_01.bin,pol,pol_st4_01.bin,507904,0x00000800,raw_table,1,1,13,6,,,,,,
pol/pol_st4_02.bin,pol,pol_st4_02.bin,565248,0x00000800,raw_table,1,1,11,5,,,,,,
pol/pol_st4_03.bin,pol,pol_st4_03.bin,249856,0x00000800,raw_table,1,1,7,3,,,,,,
pol/pol_st4_04.bin,pol,pol_st4_04.bin,51200,0x00000800,raw_table,1,1,3,1,,,,,,
pol/pol_st4_05.bin,pol,pol_st4_05.bin,352256,0x00000800,raw_table,1,1,3,1,,,,,,
pol/pol_st4_06.bin,pol,pol_st4_06.bin,923648,0x00000800,raw_table,1,1,21,10,,,,,,
pol/pol_st4_07.bin,pol,pol_st4_07.bin,415744,0x00000800,raw_table,1,1,9,4,,,,,,
pol/pol_st4_08.bin,pol,pol_st4_08.bin,458752,0x00000800,raw_table,1,1,11,5,,,,,,
pol/pol_st4_09.bin,pol,pol_st4_09.bin,567296,0x00000800,raw_table,1,1,7,3,,,,,,
pol/pol_st5.bin,pol,pol_st5.bin,1196032,0x00000800,raw_table,1,1,23,11,,,,,,
pol/pol_st5_01.bin,pol,pol_st5_01.bin,813056,0x00000800,raw_table,1,1,13,6,,,,,,
pol/pol_st5_01b.bin,pol,pol_st5_01b.bin,30720,0x00000800,raw_table,1,1,25,12,,,,,,
pol/pol_st5_02.bin,pol,pol_st5_02.bin,40960,0x00000800,raw_table,1,1,11,5,,,,,,
pol/pol_st5_02b.bin,pol,pol_st5_02b.bin,235520,0x00000800,raw_table,1,1,17,8,,,,,,
pol/pol_st6_01.bin,pol,pol_st6_01.bin,1214464,0x00000800,raw_table,1,1,39,19,,,,,,
pol/pol_st6_01b.bin,pol,pol_st6_01b.bin,1136640,0x00000800,raw_table,1,1,17,8,,,,,,
pol/pol_st_adver.bin,pol,pol_st_adver.bin,4096,0x00000800,raw_table,1,1,3,1,,,,,,
pol/pol_st_adver00.bin,pol,pol_st_adver00.bin,4096,0x00000800,raw_table,1,1,3,1,,,,,,
pol/pol_st_adver01.bin,pol,pol_st_adver01.bin,192512,0x00000800,raw_table,1,1,7,3,,,,,,
pol/pol_st_adver02.bin,pol,pol_st_adver02.bin,155648,0x00000800,raw_table,1,1,5,2,,,,,,
pol/pol_st_adver03.bin,pol,pol_st_adver03.bin,155648,0x00000800,raw_table,1,1,7,3,,,,,,
pol/pol_st_adver04.bin,pol,pol_st_adver04.bin,149504,0x00000800,raw_table,1,1,7,3,,,,,,
pol/pol_st_adver05.bin,pol,pol_st_adver05.bin,4096,0x00000800,raw_table,1,1,3,1,,,,,,
pol/pol_st_adver06.bin,pol,pol_st_adver06.bin,4096,0x00000800,raw_table,1,1,3,1,,,,,,
pol/pol_st_adver07.bin,pol,pol_st_adver07.bin,4096,0x00000800,raw_table,1,1,3,1,,,,,,
pol/pol_st_adver08.bin,pol,pol_st_adver08.bin,4096,0x00000800,raw_table,1,1,3,1,,,,,,
pol/pol_st_org00.bin,pol,pol_st_org00.bin,200704,0x00000800,raw_table,1,1,5,2,,,,,,
pol/pol_st_org01.bin,pol,pol_st_org01.bin,221184,0x00000800,raw_table,1,1,9,4,,,,,,
pol/pol_st_org02.bin,pol,pol_st_org02.bin,921600,0x00000800,raw_table,1,1,21,10,,,,,,
pol/pol_st_org03.bin,pol,pol_st_org03.bin,182272,0x00000800,raw_table,1,1,3,1,,,,,,
pol/pol_stage1.bin,pol,pol_stage1.bin,2485,0x00001400,compressed,1,1,,,,,,,,
pol/pol_stage2.bin,pol,pol_stage2.bin,1040,0x00000AA0,compressed,1,1,,,,,,,,
pol/pol_stage3.bin,pol,pol_stage3.bin,1040,0x00000AA0,compressed,1,1,,,,,,,,
pol/pol_stage4.bin,pol,pol_stage4.bin,1040,0x00000AA0,compressed,1,1,,,,,,,,
pol/pol_test_1.bin,pol,pol_test_1.bin,400979,0x000A13C0,compressed,1,1,,,,,,,,
pol/pol_test_2.bin,pol,pol_test_2.bin,232,0x000003C0,compressed,1,1,,,,,,,,
pol/pol_test_3.bin,pol,pol_test_3.bin,284161,0x0009E740,compressed,1,1,,,,,,,,
pol/pol_tokei_gear.bin,pol,pol_tokei_gear.bin,57694,0x0001E4E0,compressed,1,1,,,,,,,,
pol/pol_tutorial.bin,pol,pol_tutorial.bin,71787,0x0001A680,compressed,1,1,,,,,,,,
pol/pol_tv.bin,pol,pol_tv.bin,369,0x000012A0,compressed,1,1,,,,,,,,
pol/pol_water.bin,pol,pol_water.bin,91265,0x00028380,compressed,1,1,,,,,,,,
pol/pol_water_boat.bin,pol,pol_water_boat.bin,21469,0x00010400,compressed,1,1,,,,,,,,
pol/pol_water_hamon.bin,pol,pol_water_hamon.bin,131675,0x000353C0,compressed,1,1,,,,,,,,
pol/pol_zabat.bin,pol,pol_zabat.bin,4161,0x000017C0,compressed,1,0,,,,,,,,"ANOMALY: same name, differing content"
pol/pol_zabat_hod1.bin,pol,pol_zabat_hod1.bin,8778,0x0000D1A0,compressed,1,1,,,,,,,,
pol/pol_zabat_wing.bin,pol,pol_zabat_wing.bin,2235,0x00000E60,compressed,1,1,,,,,,,,
pol/pol_znassb.bin,pol,pol_znassb.bin,74521,0x0001EB40,compressed,1,1,,,,,,,,
pol/pol_znchain.bin,pol,pol_znchain.bin,139932,0x000376C0,compressed,1,1,,,,,,,,
pol/pol_zndina.bin,pol,pol_zndina.bin,25119,0x0000BAE0,compressed,1,1,,,,,,,,
pol/pol_znebi2.bin,pol,pol_znebi2.bin,52467,0x00015CA0,compressed,1,1,,,,,,,,
pol/pol_znebi3.bin,pol,pol_znebi3.bin,49957,0x00015B20,compressed,1,1,,,,,,,,
pol/pol_znebi4.bin,pol,pol_znebi4.bin,49957,0x00015B20,compressed,1,1,,,,,,,,
pol/pol_znele.bin,pol,pol_znele.bin,29031,0x00009F80,compressed,1,1,,,,,,,,
pol/pol_zngold.bin,pol,pol_zngold.bin,34631,0x0000B6E0,compressed,1,1,,,,,,,,
pol/pol_znjikken1.bin,pol,pol_znjikken1.bin,18109,0x00005C40,compressed,1,1,,,,,,,,
pol/pol_znjoe.bin,pol,pol_znjoe.bin,409027,0x000A7FC0,compressed,1,1,,,,,,,,
pol/pol_znkage.bin,pol,pol_znkage.bin,18553,0x00006FA0,compressed,1,1,,,,,,,,
pol/pol_znkage_dam.bin,pol,pol_znkage_dam.bin,83167,0x00020C60,compressed,1,1,,,,,,,,
pol/pol_znkager.bin,pol,pol_znkager.bin,63719,0x0001B900,compressed,1,1,,,,,,,,
pol/pol_znkagex.bin,pol,pol_znkagex.bin,248585,0x00080E20,compressed,1,1,,,,,,,,
pol/pol_znken.bin,pol,pol_znken.bin,62685,0x0001C9C0,compressed,1,1,,,,,,,,
pol/pol_znnick.bin,pol,pol_znnick.bin,64432,0x0001A060,compressed,1,1,,,,,,,,
pol/pol_znnickb.bin,pol,pol_znnickb.bin,63980,0x00019920,compressed,1,1,,,,,,,,
pol/pol_znonoo.bin,pol,pol_znonoo.bin,71053,0x4EF40115,compressed,1,0,,,,,,,,"ANOMALY: same name, differing content"
pol/pol_znonoopa.bin,pol,pol_znonoopa.bin,79694,0x0001EB80,compressed,1,1,,,,,,,,
pol/pol_znsam2.bin,pol,pol_znsam2.bin,139300,0x0004D840,compressed,1,1,,,,,,,,
pol/pol_znsam2b.bin,pol,pol_znsam2b.bin,64694,0x000194E0,compressed,1,1,,,,,,,,
pol/pol_zsass.bin,pol,pol_zsass.bin,79084,0x0001F280,compressed,1,1,,,,,,,,
pol/pol_zskamere.bin,pol,pol_zskamere.bin,87446,0x0001EF40,compressed,1,1,,,,,,,,
pol/pol_zslman.bin,pol,pol_zslman.bin,32614,0x0000FF40,compressed,1,1,,,,,,,,
pol/pol_zstin.bin,pol,pol_zstin.bin,295694,0x000950E0,compressed,1,1,,,,,,,,
pol/ranking.bin,pol,ranking.bin,1446,0x00001F20,compressed,,,,,,,,,,
pol/rating.bin,pol,rating.bin,251,0x00000F80,compressed,,,,,,,,,,
pol/result.bin,pol,result.bin,450,0x00002840,compressed,,,,,,,,,,
pol/samson.bin,pol,samson.bin,47854,0x00019040,compressed,,,,,,,,,,
pol/sanbasi.bin,pol,sanbasi.bin,107903,0x00028820,compressed,,,,,,,,,,
pol/st1_01.bin,pol,st1_01.bin,251904,0x00000800,raw_table,,,3,1,99,98,729600,884736,155136,
pol/st1_01b.bin,pol,st1_01b.bin,53248,0x00000800,raw_table,,,3,1,42,41,492544,507904,15360,
pol/st1_01c.bin,pol,st1_01c.bin,147456,0x00000800,raw_table,,,3,1,82,81,827136,897024,69888,
pol/st1_02.bin,pol,st1_02.bin,212992,0x00000800,raw_table,,,3,1,47,46,527104,569344,42240,
pol/st1_03.bin,pol,st1_03.bin,1107968,0x00000800,raw_table,,,11,5,36,35,379904,450560,70656,
pol/st1_03b.bin,pol,st1_03b.bin,227328,0x00000800,raw_table,,,7,3,84,83,858112,954368,96256,
pol/st1_03c.bin,pol,st1_03c.bin,131072,0x00000800,raw_table,,,7,3,71,70,697344,796672,99328,
pol/st1_04.bin,pol,st1_04.bin,163840,0x00000800,raw_table,,,9,4,24,23,320256,331776,11520,
pol/st1_04b.bin,pol,st1_04b.bin,284672,0x00000800,raw_table,,,5,2,56,55,594176,651264,57088,
pol/st1_04c.bin,pol,st1_04c.bin,174080,0x00000800,raw_table,,,5,2,72,71,730624,798720,68096,
pol/st1_05.bin,pol,st1_05.bin,108544,0x00000800,raw_table,,,3,1,51,50,612352,667648,55296,
pol/st1_1.bin,pol,st1_1.bin,776192,0x00000800,raw_table,,,81,40,85,84,750208,927744,177536,
pol/st1_1b.bin,pol,st1_1b.bin,153600,0x00000800,raw_table,,,33,16,35,34,340992,516096,175104,
pol/st2_01.bin,pol,st2_01.bin,40960,0x00000800,raw_table,,,3,1,28,27,241408,329728,88320,
pol/st2_02.bin,pol,st2_02.bin,253952,0x00000800,raw_table,,,7,3,61,60,737280,776192,38912,
pol/st2_02b.bin,pol,st2_02b.bin,77824,0x00000800,raw_table,,,5,2,31,30,225536,272384,46848,
pol/st2_03.bin,pol,st2_03.bin,456704,0x00000800,raw_table,,,7,3,76,75,774656,843776,69120,
pol/st2_04.bin,pol,st2_04.bin,169984,0x00000800,raw_table,,,7,3,62,61,519168,612352,93184,
pol/st2_05.bin,pol,st2_05.bin,169984,0x00000800,raw_table,,,5,2,42,41,393472,454656,61184,
pol/st2_06.bin,pol,st2_06.bin,391168,0x00000800,raw_table,,,11,5,82,81,757760,866304,108544,
pol/st2_06b.bin,pol,st2_06b.bin,63488,0x00000800,raw_table,,,3,1,33,32,363776,397312,33536,
pol/st2_06c.bin,pol,st2_06c.bin,106496,0x00000800,raw_table,,,5,2,46,45,451072,499712,48640,
pol/st2_07.bin,pol,st2_07.bin,2009088,0x00000800,raw_table,,,29,14,107,106,612352,870400,258048,
pol/st2_08.bin,pol,st2_08.bin,368640,0x00000800,raw_table,,,5,2,79,78,700160,817152,116992,
pol/st2_09.bin,pol,st2_09.bin,10240,0x00000800,raw_table,,,3,1,13,12,39936,79872,39936,
pol/st2_10.bin,pol,st2_10.bin,157696,0x00000800,raw_table,,,7,3,67,66,674816,768000,93184,
pol/st2_11.bin,pol,st2_11.bin,102400,0x00000800,raw_table,,,3,1,55,54,610304,665600,55296,
pol/st2_11b.bin,pol,st2_11b.bin,114688,0x00000800,raw_table,,,3,1,60,59,634112,673792,39680,
pol/st2_12.bin,pol,st2_12.bin,231424,0x00000800,raw_table,,,5,2,39,38,378368,477184,98816,
pol/st2_13.bin,pol,st2_13.bin,249856,0x00000800,raw_table,,,9,4,33,32,304128,348160,44032,
pol/st2_14.bin,pol,st2_14.bin,247808,0x00000800,raw_table,,,3,1,33,32,158720,235520,76800,
pol/st3.bin,pol,st3.bin,22528,0x00000800,raw_table,,,5,2,8,7,54272,75776,21504,
pol/st3_01.bin,pol,st3_01.bin,1083392,0x00000800,raw_table,,,9,4,82,81,318720,557056,238336,
pol/st3_02.bin,pol,st3_02.bin,364544,0x00000800,raw_table,,,7,3,34,33,269312,524288,254976,
pol/st3_03.bin,pol,st3_03.bin,149504,0x00000800,raw_table,,,7,3,23,22,180224,389120,208896,
pol/st3_04.bin,pol,st3_04.bin,479232,0x00000800,raw_table,,,7,3,35,34,288768,546816,258048,
pol/st3_05.bin,pol,st3_05.bin,71680,0x00000800,raw_table,,,5,2,8,7,49152,147456,98304,
pol/st3_06.bin,pol,st3_06.bin,167936,0x00000800,raw_table,,,3,1,12,11,77824,200704,122880,
pol/st3_07.bin,pol,st3_07.bin,26624,0x00000800,raw_table,,,3,1,7,6,39936,116736,76800,
pol/st3_08.bin,pol,st3_08.bin,1595392,0x00000800,raw_table,,,29,14,82,81,318720,557056,238336,
pol/st3_tika_bos.bin,pol,st3_tika_bos.bin,6872,0x00004BE0,compressed,,,,,,,,,,
pol/st4.bin,pol,st4.bin,4096,0x00000800,raw_table,,,3,1,,,,,,
pol/st4_01.bin,pol,st4_01.bin,507904,0x00000800,raw_table,,,13,6,55,54,432128,862208,430080,
pol/st4_02.bin,pol,st4_02.bin,565248,0x00000800,raw_table,,,11,5,34,33,284672,518144,233472,
pol/st4_03.bin,pol,st4_03.bin,249856,0x00000800,raw_table,,,7,3,50,49,434176,827392,393216,
pol/st4_04.bin,pol,st4_04.bin,51200,0x00000800,raw_table,,,3,1,11,10,98304,190464,92160,
pol/st4_05.bin,pol,st4_05.bin,352256,0x00000800,raw_table,,,3,1,22,21,126976,335872,208896,
pol/st4_06.bin,pol,st4_06.bin,923648,0x00000800,raw_table,,,21,10,57,56,454656,897024,442368,
pol/st4_07.bin,pol,st4_07.bin,415744,0x00000800,raw_table,,,9,4,27,26,243712,458752,215040,
pol/st4_08.bin,pol,st4_08.bin,458752,0x00000800,raw_table,,,11,5,49,48,430080,835584,405504,
pol/st4_09.bin,pol,st4_09.bin,567296,0x00000800,raw_table,,,7,3,21,20,214016,389120,175104,
pol/st5.bin,pol,st5.bin,1196032,0x00000800,raw_table,,,23,11,58,57,377856,884736,506880,
pol/st5_01.bin,pol,st5_01.bin,813056,0x00000800,raw_table,,,13,6,11,10,126976,249856,122880,
pol/st5_01b.bin,pol,st5_01b.bin,30720,0x00000800,raw_table,,,25,12,8,7,688384,692224,3840,
pol/st5_02.bin,pol,st5_02.bin,40960,0x00000800,raw_table,,,11,5,9,8,54272,71680,17408,
pol/st5_02b.bin,pol,st5_02b.bin,235520,0x00000800,raw_table,,,17,8,32,31,240640,575488,334848,
pol/st6_01.bin,pol,st6_01.bin,1214464,0x00000800,raw_table,,,39,19,49,48,368384,798720,430336,
pol/st6_01b.bin,pol,st6_01b.bin,1136640,0x00000800,raw_table,,,17,8,28,27,159744,466944,307200,
pol/st_adver.bin,pol,st_adver.bin,4096,0x00000800,raw_table,,,3,1,,,,,,
pol/st_adver00.bin,pol,st_adver00.bin,4096,0x00000800,raw_table,,,3,1,,,,,,
pol/st_adver01.bin,pol,st_adver01.bin,192512,0x00000800,raw_table,,,7,3,69,68,609024,761856,152832,
pol/st_adver02.bin,pol,st_adver02.bin,155648,0x00000800,raw_table,,,5,2,39,38,281088,339968,58880,
pol/st_adver03.bin,pol,st_adver03.bin,155648,0x00000800,raw_table,,,7,3,52,51,389632,505856,116224,
pol/st_adver04.bin,pol,st_adver04.bin,149504,0x00000800,raw_table,,,7,3,73,72,800512,942080,141568,
pol/st_adver05.bin,pol,st_adver05.bin,4096,0x00000800,raw_table,,,3,1,,,,,,
pol/st_adver06.bin,pol,st_adver06.bin,4096,0x00000800,raw_table,,,3,1,,,,,,
pol/st_adver07.bin,pol,st_adver07.bin,4096,0x00000800,raw_table,,,3,1,,,,,,
pol/st_adver08.bin,pol,st_adver08.bin,4096,0x00000800,raw_table,,,3,1,,,,,,
pol/st_org00.bin,pol,st_org00.bin,200704,0x00000800,raw_table,,,5,2,68,67,714240,798720,84480,
pol/st_org01.bin,pol,st_org01.bin,221184,0x00000800,raw_table,,,9,4,55,54,171264,348160,176896,
pol/st_org02.bin,pol,st_org02.bin,921600,0x00000800,raw_table,,,21,10,44,43,343040,690176,347136,
pol/st_org03.bin,pol,st_org03.bin,182272,0x00000800,raw_table,,,3,1,27,26,153600,448512,294912,
pol/stage1.bin,pol,stage1.bin,2485,0x00001400,compressed,,,,,,,,,,
pol/stage2.bin,pol,stage2.bin,1040,0x00000AA0,compressed,,,,,,,,,,
pol/stage3.bin,pol,stage3.bin,1040,0x00000AA0,compressed,,,,,,,,,,
pol/stage4.bin,pol,stage4.bin,1040,0x00000AA0,compressed,,,,,,,,,,
pol/test_1.bin,pol,test_1.bin,400979,0x000A13C0,compressed,,,,,,,,,,
pol/test_2.bin,pol,test_2.bin,232,0x000003C0,compressed,,,,,,,,,,
pol/test_3.bin,pol,test_3.bin,284161,0x0009E740,compressed,,,,,,,,,,
pol/tokei_gear.bin,pol,tokei_gear.bin,57694,0x0001E4E0,compressed,,,,,,,,,,
pol/tutorial.bin,pol,tutorial.bin,71787,0x0001A680,compressed,,,,,,,,,,
pol/tv.bin,pol,tv.bin,369,0x000012A0,compressed,,,,,,,,,,
pol/tv2.bin,pol,tv2.bin,987,0x37496368,compressed,,,,,,,,,,
pol/water.bin,pol,water.bin,91265,0x00028380,compressed,,,,,,,,,,
pol/water_boat.bin,pol,water_boat.bin,21469,0x00010400,compressed,,,,,,,,,,
pol/water_hamon.bin,pol,water_hamon.bin,131675,0x000353C0,compressed,,,,,,,,,,
pol/zabat.bin,pol,zabat.bin,4148,0x000017C0,compressed,,,,,,,,,,
pol/zabat_hod1.bin,pol,zabat_hod1.bin,8778,0x0000D1A0,compressed,,,,,,,,,,
pol/zabat_wing.bin,pol,zabat_wing.bin,2235,0x00000E60,compressed,,,,,,,,,,
pol/znassb.bin,pol,znassb.bin,74521,0x0001EB40,compressed,,,,,,,,,,
pol/znchain.bin,pol,znchain.bin,139932,0x000376C0,compressed,,,,,,,,,,
pol/zndina.bin,pol,zndina.bin,25119,0x0000BAE0,compressed,,,,,,,,,,
pol/znebi2.bin,pol,znebi2.bin,52467,0x00015CA0,compressed,,,,,,,,,,
pol/znebi3.bin,pol,znebi3.bin,49957,0x00015B20,compressed,,,,,,,,,,
pol/znebi4.bin,pol,znebi4.bin,49957,0x00015B20,compressed,,,,,,,,,,
pol/znele.bin,pol,znele.bin,29031,0x00009F80,compressed,,,,,,,,,,
pol/zngold.bin,pol,zngold.bin,34631,0x0000B6E0,compressed,,,,,,,,,,
pol/znjikken1.bin,pol,znjikken1.bin,18109,0x00005C40,compressed,,,,,,,,,,
pol/znjoe.bin,pol,znjoe.bin,409027,0x000A7FC0,compressed,,,,,,,,,,
pol/znkage.bin,pol,znkage.bin,18553,0x00006FA0,compressed,,,,,,,,,,
pol/znkage_dam.bin,pol,znkage_dam.bin,83167,0x00020C60,compressed,,,,,,,,,,
pol/znkager.bin,pol,znkager.bin,63719,0x0001B900,compressed,,,,,,,,,,
pol/znkagex.bin,pol,znkagex.bin,248585,0x00080E20,compressed,,,,,,,,,,
pol/znken.bin,pol,znken.bin,62685,0x0001C9C0,compressed,,,,,,,,,,
pol/znmachob.bin,pol,znmachob.bin,79303,0x0001EF60,compressed,,,,,,,,,,
pol/znnick.bin,pol,znnick.bin,64432,0x0001A060,compressed,,,,,,,,,,
pol/znnickb.bin,pol,znnickb.bin,63980,0x00019920,compressed,,,,,,,,,,
pol/znonoo.bin,pol,znonoo.bin,71053,0x0001CC40,compressed,,,,,,,,,,
pol/znonoopa.bin,pol,znonoopa.bin,79694,0x0001EB80,compressed,,,,,,,,,,
pol/znsam2.bin,pol,znsam2.bin,139300,0x0004D840,compressed,,,,,,,,,,
pol/znsam2b.bin,pol,znsam2b.bin,64694,0x000194E0,compressed,,,,,,,,,,
pol/zsass.bin,pol,zsass.bin,79084,0x0001F280,compressed,,,,,,,,,,
pol/zskamere.bin,pol,zskamere.bin,87446,0x0001EF40,compressed,,,,,,,,,,
pol/zslman.bin,pol,zslman.bin,32614,0x0000FF40,compressed,,,,,,,,,,
pol/zstin.bin,pol,zstin.bin,295694,0x000950E0,compressed,,,,,,,,,,
tex/arcade00.bin,tex,arcade00.bin,12344,0x30384D42,bmp,,,,,,,,,,
tex/arcade01.bin,tex,arcade01.bin,12344,0x30384D42,bmp,,,,,,,,,,
tex/arcade02.bin,tex,arcade02.bin,12344,0x30384D42,bmp,,,,,,,,,,
tex/b6boss1z.bin,tex,b6boss1z.bin,13001,0x00008000,compressed,,,,,,,,,,
tex/b6boss1z_wing.bin,tex,b6boss1z_wing.bin,13001,0x00008000,compressed,,,,,,,,,,
tex/b6boss2.bin,tex,b6boss2.bin,20303,0x0000A000,compressed,,,,,,,,,,
tex/b6boss3.bin,tex,b6boss3.bin,13001,0x00008000,compressed,,,,,,,,,,
tex/b6boss4.bin,tex,b6boss4.bin,16208,0x00009800,compressed,,,,,,,,,,
tex/b6boss5.bin,tex,b6boss5.bin,20303,0x0000A000,compressed,,,,,,,,,,
tex/bg_adv00.bin,tex,bg_adv00.bin,605115,0x000E7000,compressed,,,,,,,,,,
tex/bg_adv01.bin,tex,bg_adv01.bin,455839,0x0009E400,compressed,,,,,,,,,,
tex/bg_adv02.bin,tex,bg_adv02.bin,554863,0x000C1000,compressed,,,,,,,,,,
tex/bg_adv03.bin,tex,bg_adv03.bin,345831,0x00064000,compressed,,,,,,,,,,
tex/bg_adv04.bin,tex,bg_adv04.bin,98978,0x00025800,compressed,,,,,,,,,,
tex/bg_adv05.bin,tex,bg_adv05.bin,188053,0x0004DE00,compressed,,,,,,,,,,
tex/bg_adv06.bin,tex,bg_adv06.bin,209200,0x00044800,compressed,,,,,,,,,,
tex/bg_adv07.bin,tex,bg_adv07.bin,243335,0x00058400,compressed,,,,,,,,,,
tex/bg_adv08.bin,tex,bg_adv08.bin,453448,0x0009D800,compressed,,,,,,,,,,
tex/bg_adv09.bin,tex,bg_adv09.bin,301046,0x00076400,compressed,,,,,,,,,,
tex/bg_adv10.bin,tex,bg_adv10.bin,4,0x00000000,empty,,,,,,,,,,
tex/bg_adv11.bin,tex,bg_adv11.bin,183257,0x00033000,compressed,,,,,,,,,,
tex/bg_adv12.bin,tex,bg_adv12.bin,239990,0x0004B800,compressed,,,,,,,,,,
tex/bg_adv13.bin,tex,bg_adv13.bin,157846,0x00030800,compressed,,,,,,,,,,
tex/bg_adv14.bin,tex,bg_adv14.bin,183458,0x0003A800,compressed,,,,,,,,,,
tex/bg_adv15.bin,tex,bg_adv15.bin,271187,0x00056C00,compressed,,,,,,,,,,
tex/bg_adv16.bin,tex,bg_adv16.bin,161268,0x0002D000,compressed,,,,,,,,,,
tex/bg_adv17.bin,tex,bg_adv17.bin,337299,0x0007BC00,compressed,,,,,,,,,,
tex/bg_adv18.bin,tex,bg_adv18.bin,455839,0x0009E400,compressed,,,,,,,,,,
tex/bg_result01.bin,tex,bg_result01.bin,661598,0x000E6000,compressed,,,,,,,,,,
tex/bg_result02.bin,tex,bg_result02.bin,488893,0x00094000,compressed,,,,,,,,,,
tex/bg_result03.bin,tex,bg_result03.bin,112155,0x0001F000,compressed,,,,,,,,,,
tex/bg_result04.bin,tex,bg_result04.bin,288714,0x00047000,compressed,,,,,,,,,,
tex/black_scr.bin,tex,black_scr.bin,196662,0x00364D42,bmp,,,,,,,,,,
tex/boss1q.bin,tex,boss1q.bin,94436,0x00029200,compressed,,,,,,,,,,
tex/boss1z.bin,tex,boss1z.bin,52792,0x00016000,compressed,,,,,,,,,,
tex/boss1z_wing.bin,tex,boss1z_wing.bin,4554,0x00004000,compressed,,,,,,,,,,
tex/boss2.bin,tex,boss2.bin,202447,0x00053000,compressed,,,,,,,,,,
tex/boss2_hane_hod1.bin,tex,boss2_hane_hod1.bin,10555,0x00010000,compressed,,,,,,,,,,
tex/boss2_hod1.bin,tex,boss2_hod1.bin,62122,0x00049000,compressed,,,,,,,,,,
tex/boss3.bin,tex,boss3.bin,74085,0x0001B800,compressed,,,,,,,,,,
tex/boss3_hod1.bin,tex,boss3_hod1.bin,72966,0x00053000,compressed,,,,,,,,,,
tex/boss3l.bin,tex,boss3l.bin,49847,0x0000E000,compressed,,,,,,,,,,
tex/boss4.bin,tex,boss4.bin,210228,0x00062800,compressed,,,,,,,,,,
tex/boss4_hod1.bin,tex,boss4_hod1.bin,195768,0x0008E000,compressed,,,,,,,,,,
tex/boss4_hrs_hod1.bin,tex,boss4_hrs_hod1.bin,1425,0x00001000,compressed,,,,,,,,,,
tex/boss4_kls_hod1.bin,tex,boss4_kls_hod1.bin,1425,0x00001000,compressed,,,,,,,,,,
tex/boss4_mls_hod1.bin,tex,boss4_mls_hod1.bin,1425,0x00001000,compressed,,,,,,,,,,
tex/boss5.bin,tex,boss5.bin,193867,0x00057000,compressed,,,,,,,,,,
tex/boss5b.bin,tex,boss5b.bin,55175,0x00019800,compressed,,,,,,,,,,
tex/boss6.bin,tex,boss6.bin,44074,0x00013800,compressed,,,,,,,,,,
tex/boss_00.bin,tex,boss_00.bin,12344,0x30384D42,bmp,,,,,,,,,,
tex/boss_01.bin,tex,boss_01.bin,12344,0x30384D42,bmp,,,,,,,,,,
tex/boss_02.bin,tex,boss_02.bin,12344,0x30384D42,bmp,,,,,,,,,,
tex/bridge.bin,tex,bridge.bin,85298,0x00017800,compressed,,,,,,,,,,
tex/bridge_st5.bin,tex,bridge_st5.bin,52284,0x0000F000,compressed,,,,,,,,,,
tex/buyo.bin,tex,buyo.bin,15497,0x00004800,compressed,,,,,,,,,,
tex/car_1.bin,tex,car_1.bin,141659,0x00048000,compressed,,,,,,,,,,
tex/car_2.bin,tex,car_2.bin,72547,0x00031200,compressed,,,,,,,,,,
tex/car_org.bin,tex,car_org.bin,80940,0x00029400,compressed,,,,,,,,,,
tex/car_pl.bin,tex,car_pl.bin,163610,0x0005FA00,compressed,,,,,,,,,,
tex/cat.bin,tex,cat.bin,34033,0x0000E000,compressed,,,,,,,,,,
tex/char_adv00.bin,tex,char_adv00.bin,214638,0x0006CC00,compressed,,,,,,,,,,
tex/char_adv01.bin,tex,char_adv01.bin,205054,0x00059200,compressed,,,,,,,,,,
tex/char_adv02.bin,tex,char_adv02.bin,136436,0x0003EA00,compressed,,,,,,,,,,
tex/char_adv03.bin,tex,char_adv03.bin,4,0x00000000,empty,,,,,,,,,,
tex/char_adv04.bin,tex,char_adv04.bin,303099,0x0009B000,compressed,,,,,,,,,,
tex/char_adv05.bin,tex,char_adv05.bin,258686,0x0008B000,compressed,,,,,,,,,,
tex/char_adv06.bin,tex,char_adv06.bin,203941,0x0006B800,compressed,,,,,,,,,,
tex/char_adv07.bin,tex,char_adv07.bin,219885,0x00063E00,compressed,,,,,,,,,,
tex/colo_monitor.bin,tex,colo_monitor.bin,2584,0x00002000,compressed,,,,,,,,,,
tex/common.bin,tex,common.bin,149620,0x0005D000,compressed,,,,,,,,,,
tex/curien.bin,tex,curien.bin,101686,0x00055000,compressed,,,,,,,,,,
tex/dc_ctrl.bin,tex,dc_ctrl.bin,4,0x00000000,empty,,,,,,,,,,
tex/deka_musume.bin,tex,deka_musume.bin,30825,0x00023800,compressed,,,,,,,,,,
tex/deka_otoko.bin,tex,deka_otoko.bin,65751,0x00027400,compressed,,,,,,,,,,
tex/dolam.bin,tex,dolam.bin,11268,0x00005800,compressed,,,,,,,,,,
tex/door_1.bin,tex,door_1.bin,103241,0x00022800,compressed,,,,,,,,,,
tex/eff_1.bin,tex,eff_1.bin,65226,0x00030800,compressed,,,,,,,,,,
tex/eff_2.bin,tex,eff_2.bin,15435,0x0000A800,compressed,,,,,,,,,,
tex/eff_3.bin,tex,eff_3.bin,4,0x00000000,empty,,,,,,,,,,
tex/eff_4.bin,tex,eff_4.bin,14102,0x00004800,compressed,,,,,,,,,,
tex/eff_boss3.bin,tex,eff_boss3.bin,6828,0x00004800,compressed,,,,,,,,,,
tex/eff_boss4.bin,tex,eff_boss4.bin,4,0x00000000,empty,,,,,,,,,,
tex/eff_boss5.bin,tex,eff_boss5.bin,46420,0x00018C00,compressed,,,,,,,,,,
tex/eff_boss6.bin,tex,eff_boss6.bin,55356,0x00019400,compressed,,,,,,,,,,
tex/eff_car.bin,tex,eff_car.bin,13414,0x00008000,compressed,,,,,,,,,,
tex/eff_colo.bin,tex,eff_colo.bin,52761,0x00010800,compressed,,,,,,,,,,
tex/eff_dokan.bin,tex,eff_dokan.bin,5579,0x00002000,compressed,,,,,,,,,,
tex/eff_funsui.bin,tex,eff_funsui.bin,21321,0x00007800,compressed,,,,,,,,,,
tex/eff_funsui2.bin,tex,eff_funsui2.bin,21321,0x00007800,compressed,,,,,,,,,,
tex/eff_izumi.bin,tex,eff_izumi.bin,21321,0x00007800,compressed,,,,,,,,,,
tex/eff_org.bin,tex,eff_org.bin,72781,0x00058000,compressed,,,,,,,,,,
tex/eff_org10.bin,tex,eff_org10.bin,1225,0x00000A00,compressed,,,,,,,,,,
tex/eff_org11.bin,tex,eff_org11.bin,43339,0x00012C00,compressed,,,,,,,,,,
tex/eff_org12.bin,tex,eff_org12.bin,30556,0x0000D400,compressed,,,,,,,,,,
tex/eff_org2.bin,tex,eff_org2.bin,6856,0x00004000,compressed,,,,,,,,,,
tex/eff_org3.bin,tex,eff_org3.bin,4529,0x00002800,compressed,,,,,,,,,,
tex/eff_org4.bin,tex,eff_org4.bin,46510,0x00016800,compressed,,,,,,,,,,
tex/eff_org5.bin,tex,eff_org5.bin,52521,0x00016800,compressed,,,,,,,,,,
tex/eff_org5b.bin,tex,eff_org5b.bin,44281,0x00012C00,compressed,,,,,,,,,,
tex/eff_org6.bin,tex,eff_org6.bin,3196,0x00001400,compressed,,,,,,,,,,
tex/eff_org7.bin,tex,eff_org7.bin,22318,0x0000B400,compressed,,,,,,,,,,
tex/eff_org8.bin,tex,eff_org8.bin,25213,0x0000CC00,compressed,,,,,,,,,,
tex/eff_org9.bin,tex,eff_org9.bin,1106,0x00000800,raw_table,,,0,0,,,,,,
tex/eff_shop.bin,tex,eff_shop.bin,75308,0x00021000,compressed,,,,,,,,,,
tex/eff_taki.bin,tex,eff_taki.bin,19267,0x0000B800,compressed,,,,,,,,,,
tex/empireBlack_00.bin,tex,empireBlack_00.bin,196664,0x00384D42,bmp,,,,,,,,,,
tex/empireBlack_01.bin,tex,empireBlack_01.bin,196664,0x00384D42,bmp,,,,,,,,,,
tex/empireBlack_02.bin,tex,empireBlack_02.bin,196664,0x00384D42,bmp,,,,,,,,,,
tex/empireBlack_03.bin,tex,empireBlack_03.bin,196664,0x00384D42,bmp,,,,,,,,,,
tex/empireBlack_10.bin,tex,empireBlack_10.bin,196664,0x00384D42,bmp,,,,,,,,,,
tex/empireBlack_11.bin,tex,empireBlack_11.bin,196664,0x00384D42,bmp,,,,,,,,,,
tex/etc_1.bin,tex,etc_1.bin,641024,0x00000000,raw_blob,,,,,,,,,,
tex/etc_1_01.bin,tex,etc_1_01.bin,92160,0x00000000,raw_blob,,,,,,,,,,
tex/etc_1_02.bin,tex,etc_1_02.bin,40960,0x00000000,raw_blob,,,,,,,,,,
tex/etc_1_03.bin,tex,etc_1_03.bin,131072,0x00001111,raw_blob,,,,,,,,,,
tex/etc_1_04.bin,tex,etc_1_04.bin,28672,0x00000000,raw_blob,,,,,,,,,,
tex/etc_1_05.bin,tex,etc_1_05.bin,188416,0x18821882,compressed,,,,,,,,,,
tex/etc_1_06.bin,tex,etc_1_06.bin,0,,empty,,,,,,,,,,
tex/etc_1_07.bin,tex,etc_1_07.bin,0,,empty,,,,,,,,,,
tex/etc_1_08.bin,tex,etc_1_08.bin,0,,empty,,,,,,,,,,
tex/etc_1_09.bin,tex,etc_1_09.bin,0,,empty,,,,,,,,,,
tex/etc_2.bin,tex,etc_2.bin,659456,0x00000000,raw_blob,,,,,,,,,,
tex/etc_boy_kao.bin,tex,etc_boy_kao.bin,26624,0xA32992E8,compressed,,,,,,,,,,
tex/etc_door.bin,tex,etc_door.bin,98304,0x00000000,raw_blob,,,,,,,,,,
tex/etc_gal_kao.bin,tex,etc_gal_kao.bin,30720,0x08200000,compressed,,,,,,,,,,
tex/etc_komono_baba.bin,tex,etc_komono_baba.bin,36864,0x43332444,compressed,,,,,,,,,,
tex/etc_komono_boy.bin,tex,etc_komono_boy.bin,43008,0x00000000,raw_blob,,,,,,,,,,
tex/etc_komono_buru.bin,tex,etc_komono_buru.bin,20480,0x21242124,compressed,,,,,,,,,,
tex/etc_komono_fem.bin,tex,etc_komono_fem.bin,20480,0x00000000,raw_blob,,,,,,,,,,
tex/etc_komono_gal.bin,tex,etc_komono_gal.bin,88064,0x00000000,raw_blob,,,,,,,,,,
tex/etc_komono_garl.bin,tex,etc_komono_garl.bin,43008,0x00000000,raw_blob,,,,,,,,,,
tex/etc_komono_man.bin,tex,etc_komono_man.bin,106496,0x00000000,raw_blob,,,,,,,,,,
tex/etc_komono_mario.bin,tex,etc_komono_mario.bin,57344,0x00000000,raw_blob,,,,,,,,,,
tex/etc_komono_oyaji.bin,tex,etc_komono_oyaji.bin,86016,0x18E318E3,compressed,,,,,,,,,,
tex/etc_man_kao.bin,tex,etc_man_kao.bin,57344,0x00000000,raw_blob,,,,,,,,,,
tex/etc_oyaji_kao.bin,tex,etc_oyaji_kao.bin,67584,0x9B296A05,compressed,,,,,,,,,,
tex/exit_00.bin,tex,exit_00.bin,12344,0x30384D42,bmp,,,,,,,,,,
tex/exit_01.bin,tex,exit_01.bin,12344,0x30384D42,bmp,,,,,,,,,,
tex/exit_02.bin,tex,exit_02.bin,12344,0x30384D42,bmp,,,,,,,,,,
tex/fish.bin,tex,fish.bin,51726,0x00015200,compressed,,,,,,,,,,
tex/frog.bin,tex,frog.bin,29263,0x0000B800,compressed,,,,,,,,,,
tex/frog_gold.bin,tex,frog_gold.bin,2278,0x00001000,compressed,,,,,,,,,,
tex/gameover_player.bin,tex,gameover_player.bin,136512,0x00046800,compressed,,,,,,,,,,
tex/gameover_route.bin,tex,gameover_route.bin,3245,0x00002000,compressed,,,,,,,,,,
tex/garasu.bin,tex,garasu.bin,6564,0x00002800,compressed,,,,,,,,,,
tex/harold.bin,tex,harold.bin,77342,0x00025A00,compressed,,,,,,,,,,
tex/hito_baba.bin,tex,hito_baba.bin,109604,0x00033800,compressed,,,,,,,,,,
tex/hito_babann.bin,tex,hito_babann.bin,60740,0x0001A800,compressed,,,,,,,,,,
tex/hito_boyaa.bin,tex,hito_boyaa.bin,53989,0x00018000,compressed,,,,,,,,,,
tex/hito_buru.bin,tex,hito_buru.bin,74183,0x00020E00,compressed,,,,,,,,,,
tex/hito_fem.bin,tex,hito_fem.bin,89064,0x00029600,compressed,,,,,,,,,,
tex/hito_gal.bin,tex,hito_gal.bin,61013,0x0001DA00,compressed,,,,,,,,,,
tex/hito_gal2.bin,tex,hito_gal2.bin,82200,0x00025200,compressed,,,,,,,,,,
tex/hito_gal3.bin,tex,hito_gal3.bin,57618,0x00019A00,compressed,,,,,,,,,,
tex/hito_galaa.bin,tex,hito_galaa.bin,58333,0x0001DA00,compressed,,,,,,,,,,
tex/hito_galjk.bin,tex,hito_galjk.bin,89536,0x0002A400,compressed,,,,,,,,,,
tex/hito_galjkaa.bin,tex,hito_galjkaa.bin,106407,0x0002EC00,compressed,,,,,,,,,,
tex/hito_garl.bin,tex,hito_garl.bin,101385,0x00032C00,compressed,,,,,,,,,,
tex/hito_garl2.bin,tex,hito_garl2.bin,113759,0x00035C00,compressed,,,,,,,,,,
tex/hito_kao_baba.bin,tex,hito_kao_baba.bin,20284,0x00009800,compressed,,,,,,,,,,
tex/hito_kao_boy.bin,tex,hito_kao_boy.bin,14019,0x00005000,compressed,,,,,,,,,,
tex/hito_kao_gal.bin,tex,hito_kao_gal.bin,17011,0x00006800,compressed,,,,,,,,,,
tex/hito_kao_garl.bin,tex,hito_kao_garl.bin,6659,0x00002800,compressed,,,,,,,,,,
tex/hito_kao_man.bin,tex,hito_kao_man.bin,17043,0x00006800,compressed,,,,,,,,,,
tex/hito_kao_mario.bin,tex,hito_kao_mario.bin,24472,0x00008800,compressed,,,,,,,,,,
tex/hito_kao_oyaji.bin,tex,hito_kao_oyaji.bin,43855,0x00010800,compressed,,,,,,,,,,
tex/hito_man.bin,tex,hito_man.bin,75309,0x00026800,compressed,,,,,,,,,,
tex/hito_man2.bin,tex,hito_man2.bin,92276,0x00026800,compressed,,,,,,,,,,
tex/hito_manbest.bin,tex,hito_manbest.bin,106617,0x0002C800,compressed,,,,,,,,,,
tex/hito_mario.bin,tex,hito_mario.bin,76475,0x00023000,compressed,,,,,,,,,,
tex/hito_mario2.bin,tex,hito_mario2.bin,57881,0x00017000,compressed,,,,,,,,,,
tex/hito_marioaa.bin,tex,hito_marioaa.bin,65900,0x0001EE00,compressed,,,,,,,,,,
tex/hito_oyaji.bin,tex,hito_oyaji.bin,72836,0x00025A00,compressed,,,,,,,,,,
tex/hito_oyaji2.bin,tex,hito_oyaji2.bin,82770,0x0002A000,compressed,,,,,,,,,,
tex/hito_oyajiaa.bin,tex,hito_oyajiaa.bin,55000,0x00019A00,compressed,,,,,,,,,,
tex/hito_oyajisagyo.bin,tex,hito_oyajisagyo.bin,69912,0x0001D800,compressed,,,,,,,,,,
tex/hitoc.bin,tex,hitoc.bin,69863,0x0001D000,compressed,,,,,,,,,,
tex/hod2title00.bin,tex,hod2title00.bin,196664,0x00384D42,bmp,,,,,,,,,,
tex/hod2title01.bin,tex,hod2title01.bin,196664,0x00384D42,bmp,,,,,,,,,,
tex/hod2title02.bin,tex,hod2title02.bin,196664,0x00384D42,bmp,,,,,,,,,,
tex/hod2title03.bin,tex,hod2title03.bin,196664,0x00384D42,bmp,,,,,,,,,,
tex/hod2title10.bin,tex,hod2title10.bin,196662,0x00364D42,bmp,,,,,,,,,,
tex/hod2title11.bin,tex,hod2title11.bin,196662,0x00364D42,bmp,,,,,,,,,,
tex/hou.bin,tex,hou.bin,136739,0x0004D600,compressed,,,,,,,,,,
tex/hou_hod1.bin,tex,hou_hod1.bin,72703,0x00044800,compressed,,,,,,,,,,
tex/item_dia.bin,tex,item_dia.bin,6443,0x00003000,compressed,,,,,,,,,,
tex/komono_1.bin,tex,komono_1.bin,28445,0x00009000,compressed,,,,,,,,,,
tex/komono_2.bin,tex,komono_2.bin,27372,0x0000B000,compressed,,,,,,,,,,
tex/komono_3.bin,tex,komono_3.bin,41140,0x0000FC00,compressed,,,,,,,,,,
tex/komono_4.bin,tex,komono_4.bin,4,0x00000000,empty,,,,,,,,,,
tex/komono_5.bin,tex,komono_5.bin,32804,0x0000E000,compressed,,,,,,,,,,
tex/komono_6.bin,tex,komono_6.bin,5470,0x00001800,compressed,,,,,,,,,,
tex/komono_7.bin,tex,komono_7.bin,24412,0x0000B400,compressed,,,,,,,,,,
tex/komono_8.bin,tex,komono_8.bin,4,0x00000000,empty,,,,,,,,,,
tex/komono_anna.bin,tex,komono_anna.bin,192811,0x00044A00,compressed,,,,,,,,,,
tex/komono_bar.bin,tex,komono_bar.bin,105671,0x00024400,compressed,,,,,,,,,,
tex/komono_barmae.bin,tex,komono_barmae.bin,63722,0x0001B400,compressed,,,,,,,,,,
tex/komono_boat.bin,tex,komono_boat.bin,61983,0x00013E00,compressed,,,,,,,,,,
tex/komono_boss2.bin,tex,komono_boss2.bin,31999,0x0000C800,compressed,,,,,,,,,,
tex/komono_ido_oke.bin,tex,komono_ido_oke.bin,21583,0x0000D800,compressed,,,,,,,,,,
tex/komono_kanban.bin,tex,komono_kanban.bin,47176,0x00010000,compressed,,,,,,,,,,
tex/komono_room.bin,tex,komono_room.bin,118213,0x0002F800,compressed,,,,,,,,,,
tex/komono_shop.bin,tex,komono_shop.bin,24852,0x00009800,compressed,,,,,,,,,,
tex/komono_shop2.bin,tex,komono_shop2.bin,56489,0x00014000,compressed,,,,,,,,,,
tex/komono_souko.bin,tex,komono_souko.bin,191102,0x00042000,compressed,,,,,,,,,,
tex/komono_st1.bin,tex,komono_st1.bin,99876,0x0002E400,compressed,,,,,,,,,,
tex/komono_st1b.bin,tex,komono_st1b.bin,124244,0x0002F800,compressed,,,,,,,,,,
tex/komono_st2.bin,tex,komono_st2.bin,4,0x00000000,empty,,,,,,,,,,
tex/komono_st4.bin,tex,komono_st4.bin,169110,0x00030000,compressed,,,,,,,,,,
tex/komono_st6.bin,tex,komono_st6.bin,153138,0x00030000,compressed,,,,,,,,,,
tex/komono_suimon.bin,tex,komono_suimon.bin,190080,0x00047800,compressed,,,,,,,,,,
tex/komono_suimonie.bin,tex,komono_suimonie.bin,111101,0x0002CC00,compressed,,,,,,,,,,
tex/komono_title.bin,tex,komono_title.bin,22429,0x00024000,compressed,,,,,,,,,,
tex/komono_tokeidai.bin,tex,komono_tokeidai.bin,72259,0x0001B000,compressed,,,,,,,,,,
tex/komono_uemiti.bin,tex,komono_uemiti.bin,107563,0x00027000,compressed,,,,,,,,,,
tex/komono_unga.bin,tex,komono_unga.bin,39155,0x00012800,compressed,,,,,,,,,,
tex/komono_venis.bin,tex,komono_venis.bin,35049,0x0000F000,compressed,,,,,,,,,,
tex/kyoukai_garasu.bin,tex,kyoukai_garasu.bin,79472,0x0002A800,compressed,,,,,,,,,,
tex/logan.bin,tex,logan.bin,170358,0x0005B600,compressed,,,,,,,,,,
tex/logan_hod1.bin,tex,logan_hod1.bin,74242,0x0004E000,compressed,,,,,,,,,,
tex/mol.bin,tex,mol.bin,30842,0x0000D000,compressed,,,,,,,,,,
tex/mouse.bin,tex,mouse.bin,15438,0x00005000,compressed,,,,,,,,,,
tex/network_00.bin,tex,network_00.bin,12344,0x30384D42,bmp,,,,,,,,,,
tex/network_01.bin,tex,network_01.bin,12344,0x30384D42,bmp,,,,,,,,,,
tex/network_02.bin,tex,network_02.bin,12344,0x30384D42,bmp,,,,,,,,,,
tex/nment.bin,tex,nment.bin,91221,0x000A6000,compressed,,,,,,,,,,
tex/option_00.bin,tex,option_00.bin,12344,0x30384D42,bmp,,,,,,,,,,
tex/option_01.bin,tex,option_01.bin,12344,0x30384D42,bmp,,,,,,,,,,
tex/option_02.bin,tex,option_02.bin,12344,0x30384D42,bmp,,,,,,,,,,
tex/original_00.bin,tex,original_00.bin,12344,0x30384D42,bmp,,,,,,,,,,
tex/original_01.bin,tex,original_01.bin,12344,0x30384D42,bmp,,,,,,,,,,
tex/original_02.bin,tex,original_02.bin,12344,0x30384D42,bmp,,,,,,,,,,
tex/owl.bin,tex,owl.bin,142931,0x0003B000,compressed,,,,,,,,,,
tex/player1.bin,tex,player1.bin,93557,0x00032000,compressed,,,,,,,,,,
tex/player2.bin,tex,player2.bin,102336,0x00037E00,compressed,,,,,,,,,,
tex/player3.bin,tex,player3.bin,104295,0x00037A00,compressed,,,,,,,,,,
tex/player4.bin,tex,player4.bin,110493,0x0003C600,compressed,,,,,,,,,,
tex/player_gold.bin,tex,player_gold.bin,109092,0x0003BE00,compressed,,,,,,,,,,
tex/ranking.bin,tex,ranking.bin,375458,0x000AF800,compressed,,,,,,,,,,
tex/ranking_00.bin,tex,ranking_00.bin,12344,0x30384D42,bmp,,,,,,,,,,
tex/ranking_01.bin,tex,ranking_01.bin,12344,0x30384D42,bmp,,,,,,,,,,
tex/ranking_02.bin,tex,ranking_02.bin,12344,0x30384D42,bmp,,,,,,,,,,
tex/rating.bin,tex,rating.bin,44787,0x00038000,compressed,,,,,,,,,,
tex/result.bin,tex,result.bin,21953,0x00027000,compressed,,,,,,,,,,
tex/samson.bin,tex,samson.bin,72702,0x0004B800,compressed,,,,,,,,,,
tex/sanbasi.bin,tex,sanbasi.bin,81991,0x00029800,compressed,,,,,,,,,,
tex/scr_adver.bin,tex,scr_adver.bin,53578,0x00065000,compressed,,,,,,,,,,
tex/scr_adx.bin,tex,scr_adx.bin,26527,0x0003E000,compressed,,,,,,,,,,
tex/scr_back.bin,tex,scr_back.bin,92900,0x0001E000,compressed,,,,,,,,,,
tex/scr_back2.bin,tex,scr_back2.bin,99092,0x0001E000,compressed,,,,,,,,,,
tex/scr_back3.bin,tex,scr_back3.bin,92437,0x0001E000,compressed,,,,,,,,,,
tex/scr_back4.bin,tex,scr_back4.bin,218628,0x000A0000,compressed,,,,,,,,,,
tex/scr_back5.bin,tex,scr_back5.bin,86562,0x0001E000,compressed,,,,,,,,,,
tex/scr_blood_green.bin,tex,scr_blood_green.bin,86557,0x0002BC00,compressed,,,,,,,,,,
tex/scr_blood_red.bin,tex,scr_blood_red.bin,85275,0x0002BC00,compressed,,,,,,,,,,
tex/scr_bosmater.bin,tex,scr_bosmater.bin,9060,0x00004600,compressed,,,,,,,,,,
tex/scr_bosmater_st1.bin,tex,scr_bosmater_st1.bin,4194,0x00003000,compressed,,,,,,,,,,
tex/scr_bosmater_st2.bin,tex,scr_bosmater_st2.bin,4975,0x00003000,compressed,,,,,,,,,,
tex/scr_bosmater_st3.bin,tex,scr_bosmater_st3.bin,3677,0x00004000,compressed,,,,,,,,,,
tex/scr_bosmater_st4.bin,tex,scr_bosmater_st4.bin,4338,0x00003000,compressed,,,,,,,,,,
tex/scr_bosmater_st5.bin,tex,scr_bosmater_st5.bin,3979,0x00003000,compressed,,,,,,,,,,
tex/scr_bosmater_st6.bin,tex,scr_bosmater_st6.bin,3962,0x00003000,compressed,,,,,,,,,,
tex/scr_boss.bin,tex,scr_boss.bin,97662,0x0007F800,compressed,,,,,,,,,,
tex/scr_bunki.bin,tex,scr_bunki.bin,216762,0x00258000,compressed,,,,,,,,,,
tex/scr_chapter_st1.bin,tex,scr_chapter_st1.bin,17616,0x00040400,compressed,,,,,,,,,,
tex/scr_chapter_st2.bin,tex,scr_chapter_st2.bin,16949,0x00040400,compressed,,,,,,,,,,
tex/scr_chapter_st3.bin,tex,scr_chapter_st3.bin,18612,0x00040400,compressed,,,,,,,,,,
tex/scr_chapter_st4.bin,tex,scr_chapter_st4.bin,15255,0x00028400,compressed,,,,,,,,,,
tex/scr_chapter_st5.bin,tex,scr_chapter_st5.bin,15394,0x00040400,compressed,,,,,,,,,,
tex/scr_chapter_st6.bin,tex,scr_chapter_st6.bin,20744,0x00048400,compressed,,,,,,,,,,
tex/scr_common.bin,tex,scr_common.bin,45687,0x00029F00,compressed,,,,,,,,,,
tex/scr_dc_common.bin,tex,scr_dc_common.bin,11080,0x0000DC00,compressed,,,,,,,,,,
tex/scr_dc_option.bin,tex,scr_dc_option.bin,185338,0x00110800,compressed,,,,,,,,,,
tex/scr_dc_taiken.bin,tex,scr_dc_taiken.bin,51621,0x00060000,compressed,,,,,,,,,,
tex/scr_dokan.bin,tex,scr_dokan.bin,56780,0x00030000,compressed,,,,,,,,,,
tex/scr_end.bin,tex,scr_end.bin,2847,0x00008000,compressed,,,,,,,,,,
tex/scr_endstaff.bin,tex,scr_endstaff.bin,50815,0x00038800,compressed,,,,,,,,,,
tex/scr_etc000.bin,tex,scr_etc000.bin,263224,0x04384D42,bmp,,,,,,,,,,
tex/scr_etc001.bin,tex,scr_etc001.bin,263224,0x04384D42,bmp,,,,,,,,,,
tex/scr_etc002.bin,tex,scr_etc002.bin,737336,0x40384D42,bmp,,,,,,,,,,
tex/scr_etc003.bin,tex,scr_etc003.bin,60896,0xEDE04D42,bmp,,,,,,,,,,
tex/scr_etc_1.bin,tex,scr_etc_1.bin,25809,0x00026800,compressed,,,,,,,,,,
tex/scr_gameover.bin,tex,scr_gameover.bin,30374,0x00070000,compressed,,,,,,,,,,
tex/scr_hinichi.bin,tex,scr_hinichi.bin,257960,0x000BB800,compressed,,,,,,,,,,
tex/scr_item.bin,tex,scr_item.bin,85392,0x000C6000,compressed,,,,,,,,,,
tex/scr_item_00.bin,tex,scr_item_00.bin,707,0x00000800,raw_table,,,0,0,,,,,,
tex/scr_item_01.bin,tex,scr_item_01.bin,928,0x00000800,raw_table,,,0,0,,,,,,
tex/scr_item_02.bin,tex,scr_item_02.bin,697,0x00000800,raw_table,,,0,0,,,,,,
tex/scr_item_03.bin,tex,scr_item_03.bin,883,0x00000800,raw_table,,,0,0,,,,,,
tex/scr_item_04.bin,tex,scr_item_04.bin,882,0x00000800,raw_table,,,0,0,,,,,,
tex/scr_item_05.bin,tex,scr_item_05.bin,927,0x00000800,raw_table,,,0,0,,,,,,
tex/scr_item_06.bin,tex,scr_item_06.bin,867,0x00000800,raw_table,,,0,0,,,,,,
tex/scr_item_07.bin,tex,scr_item_07.bin,901,0x00000800,raw_table,,,0,0,,,,,,
tex/scr_item_08.bin,tex,scr_item_08.bin,868,0x00000800,raw_table,,,0,0,,,,,,
tex/scr_item_09.bin,tex,scr_item_09.bin,891,0x00000800,raw_table,,,0,0,,,,,,
tex/scr_item_10.bin,tex,scr_item_10.bin,853,0x00000800,raw_table,,,0,0,,,,,,
tex/scr_item_11.bin,tex,scr_item_11.bin,445,0x00000800,raw_table,,,0,0,,,,,,
tex/scr_item_12.bin,tex,scr_item_12.bin,433,0x00000800,raw_table,,,0,0,,,,,,
tex/scr_item_13.bin,tex,scr_item_13.bin,662,0x00000800,raw_table,,,0,0,,,,,,
tex/scr_item_14.bin,tex,scr_item_14.bin,657,0x00000800,raw_table,,,0,0,,,,,,
tex/scr_item_15.bin,tex,scr_item_15.bin,715,0x00000800,raw_table,,,0,0,,,,,,
tex/scr_item_16.bin,tex,scr_item_16.bin,641,0x00000800,raw_table,,,0,0,,,,,,
tex/scr_item_17.bin,tex,scr_item_17.bin,1223,0x00001000,compressed,,,,,,,,,,
tex/scr_item_18.bin,tex,scr_item_18.bin,612,0x00000800,raw_table,,,0,0,,,,,,
tex/scr_item_19.bin,tex,scr_item_19.bin,751,0x00000800,raw_table,,,0,0,,,,,,
tex/scr_item_20.bin,tex,scr_item_20.bin,994,0x00000800,raw_table,,,0,0,,,,,,
tex/scr_item_21.bin,tex,scr_item_21.bin,932,0x00000800,raw_table,,,0,0,,,,,,
tex/scr_item_22.bin,tex,scr_item_22.bin,1015,0x00000800,raw_table,,,0,0,,,,,,
tex/scr_item_23.bin,tex,scr_item_23.bin,1162,0x00001000,compressed,,,,,,,,,,
tex/scr_item_24.bin,tex,scr_item_24.bin,1211,0x00001000,compressed,,,,,,,,,,
tex/scr_item_25.bin,tex,scr_item_25.bin,840,0x00000800,raw_table,,,0,0,,,,,,
tex/scr_item_26.bin,tex,scr_item_26.bin,1242,0x00001000,compressed,,,,,,,,,,
tex/scr_item_27.bin,tex,scr_item_27.bin,1409,0x00001000,compressed,,,,,,,,,,
tex/scr_item_28.bin,tex,scr_item_28.bin,1193,0x00001000,compressed,,,,,,,,,,
tex/scr_item_29.bin,tex,scr_item_29.bin,501,0x00000800,raw_table,,,0,0,,,,,,
tex/scr_item_30.bin,tex,scr_item_30.bin,805,0x00000800,raw_table,,,0,0,,,,,,
tex/scr_item_31.bin,tex,scr_item_31.bin,469,0x00000800,raw_table,,,0,0,,,,,,
tex/scr_item_32.bin,tex,scr_item_32.bin,1014,0x00000800,raw_table,,,0,0,,,,,,
tex/scr_item_33.bin,tex,scr_item_33.bin,606,0x00001000,compressed,,,,,,,,,,
tex/scr_item_all.bin,tex,scr_item_all.bin,20403,0x0001B000,compressed,,,,,,,,,,
tex/scr_itemc_all.bin,tex,scr_itemc_all.bin,285,0x00000800,raw_table,,,0,0,,,,,,
tex/scr_jimaku.bin,tex,scr_jimaku.bin,73387,0x00034A00,compressed,,,,,,,,,,
tex/scr_jimaku_adv.bin,tex,scr_jimaku_adv.bin,25091,0x0001E000,compressed,,,,,,,,,,
tex/scr_jimaku_e.bin,tex,scr_jimaku_e.bin,9525,0x00004900,compressed,,,,,,,,,,
tex/scr_jimaku_e2.bin,tex,scr_jimaku_e2.bin,9525,0x00004900,compressed,,,,,,,,,,
tex/scr_jimaku_ending.bin,tex,scr_jimaku_ending.bin,41397,0x0001D800,compressed,,,,,,,,,,
tex/scr_jimaku_new.bin,tex,scr_jimaku_new.bin,20933,0x0000E600,compressed,,,,,,,,,,
tex/scr_jimaku_st2.bin,tex,scr_jimaku_st2.bin,84906,0x0003C000,compressed,,,,,,,,,,
tex/scr_jimaku_st3.bin,tex,scr_jimaku_st3.bin,83859,0x0003F800,compressed,,,,,,,,,,
tex/scr_jimaku_st4.bin,tex,scr_jimaku_st4.bin,54091,0x00025000,compressed,,,,,,,,,,
tex/scr_jimaku_st5.bin,tex,scr_jimaku_st5.bin,54524,0x00026000,compressed,,,,,,,,,,
tex/scr_jimaku_st6.bin,tex,scr_jimaku_st6.bin,46980,0x00023000,compressed,,,,,,,,,,
tex/scr_lisence.bin,tex,scr_lisence.bin,7066,0x00020000,compressed,,,,,,,,,,
tex/scr_load.bin,tex,scr_load.bin,96990,0x0001E000,compressed,,,,,,,,,,
tex/scr_load2.bin,tex,scr_load2.bin,85624,0x0001E000,compressed,,,,,,,,,,
tex/scr_opt_moji01.bin,tex,scr_opt_moji01.bin,14568,0x00011800,compressed,,,,,,,,,,
tex/scr_opt_moji02.bin,tex,scr_opt_moji02.bin,15078,0x00012400,compressed,,,,,,,,,,
tex/scr_opt_moji03.bin,tex,scr_opt_moji03.bin,14051,0x00012400,compressed,,,,,,,,,,
tex/scr_opt_moji04.bin,tex,scr_opt_moji04.bin,15192,0x00012400,compressed,,,,,,,,,,
tex/scr_opt_moji05.bin,tex,scr_opt_moji05.bin,15143,0x0000FC00,compressed,,,,,,,,,,
tex/scr_org.bin,tex,scr_org.bin,2327,0x00003000,compressed,,,,,,,,,,
tex/scr_rank_bos01.bin,tex,scr_rank_bos01.bin,85800,0x0001E000,compressed,,,,,,,,,,
tex/scr_rank_bos02.bin,tex,scr_rank_bos02.bin,89328,0x0001E000,compressed,,,,,,,,,,
tex/scr_rank_bos03.bin,tex,scr_rank_bos03.bin,86153,0x0001E000,compressed,,,,,,,,,,
tex/scr_rank_bos04.bin,tex,scr_rank_bos04.bin,92861,0x0001E000,compressed,,,,,,,,,,
tex/scr_rank_bos05.bin,tex,scr_rank_bos05.bin,88222,0x0001E000,compressed,,,,,,,,,,
tex/scr_rank_bos06.bin,tex,scr_rank_bos06.bin,89461,0x0001E000,compressed,,,,,,,,,,
tex/scr_rank_bos07.bin,tex,scr_rank_bos07.bin,93707,0x0001E000,compressed,,,,,,,,,,
tex/scr_rank_bos_all.bin,tex,scr_rank_bos_all.bin,625414,0x000D2000,compressed,,,,,,,,,,
tex/scr_ranking.bin,tex,scr_ranking.bin,120945,0x000CB800,compressed,,,,,,,,,,
tex/scr_ranking2.bin,tex,scr_ranking2.bin,47546,0x0007A800,compressed,,,,,,,,,,
tex/scr_result.bin,tex,scr_result.bin,58489,0x00019800,compressed,,,,,,,,,,
tex/scr_setumei.bin,tex,scr_setumei.bin,132042,0x001E0000,compressed,,,,,,,,,,
tex/scr_setumei_e.bin,tex,scr_setumei_e.bin,35444,0x00080000,compressed,,,,,,,,,,
tex/scr_title.bin,tex,scr_title.bin,324635,0x0016A000,compressed,,,,,,,,,,
tex/scr_tod_itm_itamidome2.bin,tex,scr_tod_itm_itamidome2.bin,987,0xECECC0F1,compressed,,,,,,,,,,
tex/scr_training.bin,tex,scr_training.bin,54237,0x00031C00,compressed,,,,,,,,,,
tex/scr_training2.bin,tex,scr_training2.bin,103928,0x0001E000,compressed,,,,,,,,,,
tex/scr_training_game.bin,tex,scr_training_game.bin,84178,0x00073A00,compressed,,,,,,,,,,
tex/scr_training_sele.bin,tex,scr_training_sele.bin,59976,0x00058000,compressed,,,,,,,,,,
tex/scr_trn_byo.bin,tex,scr_trn_byo.bin,13928,0x0001E000,compressed,,,,,,,,,,
tex/scr_trn_com.bin,tex,scr_trn_com.bin,17097,0x00062800,compressed,,,,,,,,,,
tex/scr_trn_icon.bin,tex,scr_trn_icon.bin,22385,0x0001B000,compressed,,,,,,,,,,
tex/scr_tv.bin,tex,scr_tv.bin,25789,0x000A0000,compressed,,,,,,,,,,
tex/scr_vmc.bin,tex,scr_vmc.bin,135729,0x00113000,compressed,,,,,,,,,,
tex/scr_vmc_cant.bin,tex,scr_vmc_cant.bin,4734,0x00004000,compressed,,,,,,,,,,
tex/scr_vmc_ctrl.bin,tex,scr_vmc_ctrl.bin,6005,0x00008000,compressed,,,,,,,,,,
tex/scr_water.bin,tex,scr_water.bin,30882,0x00014000,compressed,,,,,,,,,,
tex/segalogor_00.bin,tex,segalogor_00.bin,196664,0x00384D42,bmp,,,,,,,,,,
tex/segalogor_01.bin,tex,segalogor_01.bin,196664,0x00384D42,bmp,,,,,,,,,,
tex/segalogor_02.bin,tex,segalogor_02.bin,196664,0x00384D42,bmp,,,,,,,,,,
tex/segalogor_03.bin,tex,segalogor_03.bin,196664,0x00384D42,bmp,,,,,,,,,,
tex/segalogor_10.bin,tex,segalogor_10.bin,196664,0x00384D42,bmp,,,,,,,,,,
tex/segalogor_11.bin,tex,segalogor_11.bin,196664,0x00384D42,bmp,,,,,,,,,,
tex/st1_01.bin,tex,st1_01.bin,884736,0x00000000,raw_blob,,,,,,,,,,
tex/st1_01b.bin,tex,st1_01b.bin,507904,0x00000000,raw_blob,,,,,,,,,,
tex/st1_01c.bin,tex,st1_01c.bin,897024,0x00000000,raw_blob,,,,,,,,,,
tex/st1_02.bin,tex,st1_02.bin,569344,0x00000000,raw_blob,,,,,,,,,,
tex/st1_03.bin,tex,st1_03.bin,450560,0x08410841,compressed,,,,,,,,,,
tex/st1_03b.bin,tex,st1_03b.bin,954368,0x00000000,raw_blob,,,,,,,,,,
tex/st1_03c.bin,tex,st1_03c.bin,796672,0x00000000,raw_blob,,,,,,,,,,
tex/st1_04.bin,tex,st1_04.bin,331776,0x10811082,compressed,,,,,,,,,,
tex/st1_04b.bin,tex,st1_04b.bin,651264,0x00000000,raw_blob,,,,,,,,,,
tex/st1_04c.bin,tex,st1_04c.bin,798720,0x08200820,compressed,,,,,,,,,,
tex/st1_05.bin,tex,st1_05.bin,667648,0x00000000,raw_blob,,,,,,,,,,
tex/st1_1.bin,tex,st1_1.bin,927744,0x00000000,raw_blob,,,,,,,,,,
tex/st1_1b.bin,tex,st1_1b.bin,516096,0x00000000,raw_blob,,,,,,,,,,
tex/st2_01.bin,tex,st2_01.bin,329728,0x00000000,raw_blob,,,,,,,,,,
tex/st2_02.bin,tex,st2_02.bin,776192,0x00000000,raw_blob,,,,,,,,,,
tex/st2_02b.bin,tex,st2_02b.bin,272384,0x00000000,raw_blob,,,,,,,,,,
tex/st2_03.bin,tex,st2_03.bin,843776,0x00000000,raw_blob,,,,,,,,,,
tex/st2_04.bin,tex,st2_04.bin,612352,0x00000000,raw_blob,,,,,,,,,,
tex/st2_05.bin,tex,st2_05.bin,454656,0x00000000,raw_blob,,,,,,,,,,
tex/st2_06.bin,tex,st2_06.bin,866304,0x00000000,raw_blob,,,,,,,,,,
tex/st2_06b.bin,tex,st2_06b.bin,397312,0x00000000,raw_blob,,,,,,,,,,
tex/st2_06c.bin,tex,st2_06c.bin,499712,0x00000000,raw_blob,,,,,,,,,,
tex/st2_07.bin,tex,st2_07.bin,870400,0x00000000,raw_blob,,,,,,,,,,
tex/st2_08.bin,tex,st2_08.bin,817152,0x00000000,raw_blob,,,,,,,,,,
tex/st2_09.bin,tex,st2_09.bin,79872,0x00000000,raw_blob,,,,,,,,,,
tex/st2_10.bin,tex,st2_10.bin,768000,0x00000000,raw_blob,,,,,,,,,,
tex/st2_11.bin,tex,st2_11.bin,665600,0x00000000,raw_blob,,,,,,,,,,
tex/st2_11b.bin,tex,st2_11b.bin,673792,0x00000000,raw_blob,,,,,,,,,,
tex/st2_12.bin,tex,st2_12.bin,477184,0x00400840,compressed,,,,,,,,,,
tex/st2_13.bin,tex,st2_13.bin,348160,0x00000000,raw_blob,,,,,,,,,,
tex/st2_14.bin,tex,st2_14.bin,235520,0x00000000,raw_blob,,,,,,,,,,
tex/st3.bin,tex,st3.bin,75776,0x00000000,raw_blob,,,,,,,,,,
tex/st3_01.bin,tex,st3_01.bin,557056,0x00000000,raw_blob,,,,,,,,,,
tex/st3_02.bin,tex,st3_02.bin,524288,0x00000000,raw_blob,,,,,,,,,,
tex/st3_03.bin,tex,st3_03.bin,389120,0x00000000,raw_blob,,,,,,,,,,
tex/st3_04.bin,tex,st3_04.bin,546816,0x00000000,raw_blob,,,,,,,,,,
tex/st3_05.bin,tex,st3_05.bin,147456,0x00000000,raw_blob,,,,,,,,,,
tex/st3_06.bin,tex,st3_06.bin,200704,0x00000000,raw_blob,,,,,,,,,,
tex/st3_07.bin,tex,st3_07.bin,116736,0x00000000,raw_blob,,,,,,,,,,
tex/st3_08.bin,tex,st3_08.bin,557056,0x00000000,raw_blob,,,,,,,,,,
tex/st3_tika_bos.bin,tex,st3_tika_bos.bin,100182,0x00018800,compressed,,,,,,,,,,
tex/st4.bin,tex,st4.bin,0,,empty,,,,,,,,,,
tex/st4_01.bin,tex,st4_01.bin,862208,0x00000000,raw_blob,,,,,,,,,,
tex/st4_02.bin,tex,st4_02.bin,518144,0x00000000,raw_blob,,,,,,,,,,
tex/st4_03.bin,tex,st4_03.bin,827392,0x00000000,raw_blob,,,,,,,,,,
tex/st4_04.bin,tex,st4_04.bin,190464,0x00000000,raw_blob,,,,,,,,,,
tex/st4_05.bin,tex,st4_05.bin,335872,0x00000000,raw_blob,,,,,,,,,,
tex/st4_06.bin,tex,st4_06.bin,897024,0x00000000,raw_blob,,,,,,,,,,
tex/st4_07.bin,tex,st4_07.bin,458752,0x00000000,raw_blob,,,,,,,,,,
tex/st4_08.bin,tex,st4_08.bin,835584,0x00000000,raw_blob,,,,,,,,,,
tex/st4_09.bin,tex,st4_09.bin,389120,0x00000000,raw_blob,,,,,,,,,,
tex/st5.bin,tex,st5.bin,884736,0x00000000,raw_blob,,,,,,,,,,
tex/st5_01.bin,tex,st5_01.bin,249856,0x4A6952EB,compressed,,,,,,,,,,
tex/st5_01b.bin,tex,st5_01b.bin,692224,0xF000F000,compressed,,,,,,,,,,
tex/st5_02.bin,tex,st5_02.bin,71680,0x00200000,compressed,,,,,,,,,,
tex/st5_02b.bin,tex,st5_02b.bin,575488,0x00000000,raw_blob,,,,,,,,,,
tex/st6_01.bin,tex,st6_01.bin,798720,0x00000000,raw_blob,,,,,,,,,,
tex/st6_01b.bin,tex,st6_01b.bin,466944,0x08210000,compressed,,,,,,,,,,
tex/st_adver.bin,tex,st_adver.bin,0,,empty,,,,,,,,,,
tex/st_adver00.bin,tex,st_adver00.bin,0,,empty,,,,,,,,,,
tex/st_adver01.bin,tex,st_adver01.bin,761856,0x00000000,raw_blob,,,,,,,,,,
tex/st_adver02.bin,tex,st_adver02.bin,339968,0x21041082,compressed,,,,,,,,,,
tex/st_adver03.bin,tex,st_adver03.bin,505856,0x00000000,raw_blob,,,,,,,,,,
tex/st_adver04.bin,tex,st_adver04.bin,942080,0x00000000,raw_blob,,,,,,,,,,
tex/st_adver05.bin,tex,st_adver05.bin,0,,empty,,,,,,,,,,
tex/st_adver06.bin,tex,st_adver06.bin,0,,empty,,,,,,,,,,
tex/st_adver07.bin,tex,st_adver07.bin,0,,empty,,,,,,,,,,
tex/st_adver08.bin,tex,st_adver08.bin,0,,empty,,,,,,,,,,
tex/st_org00.bin,tex,st_org00.bin,798720,0x00000000,raw_blob,,,,,,,,,,
tex/st_org01.bin,tex,st_org01.bin,348160,0x00000000,raw_blob,,,,,,,,,,
tex/st_org02.bin,tex,st_org02.bin,690176,0x00000000,raw_blob,,,,,,,,,,
tex/st_org03.bin,tex,st_org03.bin,448512,0x08210000,compressed,,,,,,,,,,
tex/stage1.bin,tex,stage1.bin,642,0x00000600,compressed,,,,,,,,,,
tex/stage2.bin,tex,stage2.bin,4,0x00000000,empty,,,,,,,,,,
tex/stage3.bin,tex,stage3.bin,4,0x00000000,empty,,,,,,,,,,
tex/stage4.bin,tex,stage4.bin,4,0x00000000,empty,,,,,,,,,,
tex/stage5.bin,tex,stage5.bin,21,0x000000FF,compressed,,,,,,,,,,
tex/test_1.bin,tex,test_1.bin,496189,0x001C0800,compressed,,,,,,,,,,
tex/test_2.bin,tex,test_2.bin,4,0x00000000,empty,,,,,,,,,,
tex/test_3.bin,tex,test_3.bin,1410,0x00001000,compressed,,,,,,,,,,
tex/tokei_gear.bin,tex,tokei_gear.bin,79344,0x00019000,compressed,,,,,,,,,,
tex/traning_00.bin,tex,traning_00.bin,12344,0x30384D42,bmp,,,,,,,,,,
tex/traning_01.bin,tex,traning_01.bin,12344,0x30384D42,bmp,,,,,,,,,,
tex/traning_02.bin,tex,traning_02.bin,12344,0x30384D42,bmp,,,,,,,,,,
tex/tutorial.bin,tex,tutorial.bin,274866,0x0007CE00,compressed,,,,,,,,,,
tex/tv.bin,tex,tv.bin,47493,0x0000D800,compressed,,,,,,,,,,
tex/water.bin,tex,water.bin,15172,0x00007000,compressed,,,,,,,,,,
tex/water_boat.bin,tex,water_boat.bin,6504,0x00003800,compressed,,,,,,,,,,
tex/water_hamon.bin,tex,water_hamon.bin,13863,0x00008000,compressed,,,,,,,,,,
tex/zabat.bin,tex,zabat.bin,15687,0x00008800,compressed,,,,,,,,,,
tex/zabat_hod1.bin,tex,zabat_hod1.bin,6232,0x00005800,compressed,,,,,,,,,,
tex/zabat_wing.bin,tex,zabat_wing.bin,5461,0x00004000,compressed,,,,,,,,,,
tex/znassb.bin,tex,znassb.bin,185327,0x00054C00,compressed,,,,,,,,,,
tex/znchain.bin,tex,znchain.bin,161146,0x00040000,compressed,,,,,,,,,,
tex/zndina.bin,tex,zndina.bin,116523,0x0003C400,compressed,,,,,,,,,,
tex/znebi2.bin,tex,znebi2.bin,125040,0x00032800,compressed,,,,,,,,,,
tex/znebi3.bin,tex,znebi3.bin,120957,0x00032800,compressed,,,,,,,,,,
tex/znebi4.bin,tex,znebi4.bin,100271,0x00032800,compressed,,,,,,,,,,
tex/znele.bin,tex,znele.bin,142645,0x00049400,compressed,,,,,,,,,,
tex/zngold.bin,tex,zngold.bin,133533,0x00042E00,compressed,,,,,,,,,,
tex/znjikken1.bin,tex,znjikken1.bin,8906,0x00008000,compressed,,,,,,,,,,
tex/znjoe.bin,tex,znjoe.bin,122892,0x00036000,compressed,,,,,,,,,,
tex/znkage.bin,tex,znkage.bin,71831,0x0001D800,compressed,,,,,,,,,,
tex/znkage_dam.bin,tex,znkage_dam.bin,119034,0x00031800,compressed,,,,,,,,,,
tex/znkager.bin,tex,znkager.bin,83868,0x00020000,compressed,,,,,,,,,,
tex/znkagex.bin,tex,znkagex.bin,91824,0x00026800,compressed,,,,,,,,,,
tex/znken.bin,tex,znken.bin,140722,0x0003E000,compressed,,,,,,,,,,
tex/znnick.bin,tex,znnick.bin,102288,0x0002B400,compressed,,,,,,,,,,
tex/znnickb.bin,tex,znnickb.bin,108400,0x0002E000,compressed,,,,,,,,,,
tex/znonoo.bin,tex,znonoo.bin,158431,0x0004C400,compressed,,,,,,,,,,
tex/znonoopa.bin,tex,znonoopa.bin,145478,0x00047800,compressed,,,,,,,,,,
tex/znsam2.bin,tex,znsam2.bin,129404,0x00033400,compressed,,,,,,,,,,
tex/znsam2b.bin,tex,znsam2b.bin,119860,0x00033000,compressed,,,,,,,,,,
tex/zsass.bin,tex,zsass.bin,113763,0x0002C800,compressed,,,,,,,,,,
tex/zskamere.bin,tex,zskamere.bin,124337,0x00032800,compressed,,,,,,,,,,
tex/zslman.bin,tex,zslman.bin,75439,0x00028800,compressed,,,,,,,,,,
tex/zstin.bin,tex,zstin.bin,106251,0x0002B800,compressed,,,,,,,,,,
